Count_date,AF,Site_id,count_fish
2019-03-20,0.00,A-04,1050560.45
2019-04-03,0.00,A-04,1392427.90
2019-05-01,0.00,A-04,1388879.19
2019-05-07,0.00,A-04,1388652.35
2019-05-15,0.04,A-04,1388349.90
2019-05-28,0.06,A-04,1387858.42
2019-06-12,0.06,A-04,1387269.00
2019-06-18,0.08,A-04,1387031.00
2019-06-26,0.06,A-04,1386713.67
2019-07-09,0.09,A-04,1386059.71
2019-07-23,0.15,A-04,1385289.26
2019-08-06,0.26,A-04,1384510.87
2019-08-20,0.32,A-04,1383721.90
2019-09-03,0.45,A-04,1382094.60
2019-09-18,0.18,A-04,1377057.60
2019-10-01,0.24,A-04,1372878.29
2019-10-15,0.57,A-04,1370782.35
2019-11-01,0.60,A-04,1368233.37
2019-11-12,0.54,A-04,1366543.40
2019-11-29,0.59,A-04,1363931.63
2019-12-12,0.38,A-04,1362043.03
2019-12-20,0.59,A-04,1360886.39
2020-01-10,1.27,A-04,1357160.19
2020-01-28,0.88,A-04,1353315.74
2020-02-04,0.87,A-04,1351035.00
2020-02-18,0.41,A-04,1345295.00
2020-03-20,0.95,A-04,1229512.74
2020-03-25,1.13,A-04,1201694.68
2020-03-31,1.44,A-04,1168313.00
2020-04-15,0.85,A-04,1157452.00
2020-04-28,0.20,A-04,1148039.13
2020-05-12,0.42,A-04,1143030.87
2020-05-26,0.49,A-04,1138877.39
2020-06-10,0.67,A-04,1061133.33
2020-06-23,0.64,A-04,961994.47
2020-07-07,0.76,A-04,782743.42
2020-07-21,2.01,A-04,531006.26
2020-08-04,0.50,A-04,305878.65
2020-12-16,0.00,A-04,1019270.23
2020-12-30,0.00,A-04,1401826.55
2021-01-13,0.00,A-04,1427386.94
2021-01-27,0.04,A-04,1425486.10
2021-02-10,0.09,A-04,1423416.93
2021-02-24,0.07,A-04,1421280.43
2021-03-11,0.07,A-04,1419092.03
2021-03-24,0.06,A-04,1417227.16
2021-04-07,0.07,A-04,1415675.60
2021-04-21,0.07,A-04,1414580.80
2021-05-05,0.07,A-04,1413512.81
2021-05-19,0.18,A-04,1412493.06
2021-06-02,0.36,A-04,1411488.73
2021-06-16,0.46,A-04,1410576.87
2021-06-30,0.64,A-04,1409665.00
2021-07-14,0.17,A-04,1402914.29
2021-07-23,0.41,A-04,1398574.55
2021-08-06,0.81,A-04,1392337.71
2021-08-20,0.25,A-04,1386786.03
2021-09-01,0.78,A-04,1381362.60
2021-09-15,1.56,A-04,1366503.00
2021-09-29,0.44,A-04,1351643.40
2021-10-13,1.36,A-04,1319268.35
2021-10-27,0.32,A-04,1285545.97
2021-11-10,1.24,A-04,1265710.67
2021-11-24,0.62,A-04,1251430.20
2021-12-02,7.78,A-04,1222062.84
2021-12-10,1.24,A-04,1129074.19
2021-12-22,2.35,A-04,989591.23
2022-01-05,1.88,A-04,742240.45
2022-01-14,2.08,A-04,485311.06
2022-08-04,0.00,A-04,705739.61
2022-08-18,0.00,A-04,1031238.26
2022-09-01,0.00,A-04,1333366.93
2022-09-08,0.01,A-04,1332526.47
2022-09-15,0.04,A-04,1331686.00
2022-09-22,0.08,A-04,1330845.53
2022-09-29,0.12,A-04,1330005.07
2022-10-13,0.26,A-04,1328680.19
2022-10-27,0.25,A-04,1327382.71
2022-11-10,0.04,A-04,1326279.33
2022-11-29,0.23,A-04,1324887.27
2022-12-08,0.54,A-04,1323525.48
2022-12-22,0.27,A-04,1321270.58
2023-01-05,0.06,A-04,1319014.71
2023-01-19,0.22,A-04,1316757.10
2023-02-02,0.65,A-04,1314214.00
2023-02-16,0.63,A-04,1309958.00
2023-03-02,0.16,A-04,1305785.87
2023-03-16,0.21,A-04,1302116.97
2023-04-03,0.31,A-04,1297693.30
2023-04-13,0.40,A-04,1296050.97
2023-04-27,0.35,A-04,1293751.70
2023-05-11,0.21,A-04,1290989.45
2023-05-25,0.21,A-04,1288100.94
2023-06-07,0.36,A-04,1284285.37
2023-06-22,0.67,A-04,1278761.87
2023-07-06,0.38,A-04,1240363.74
2023-07-20,0.93,A-04,1157641.81
2023-08-03,0.02,A-04,1087818.23
2023-08-17,0.27,A-04,1065288.61
2023-08-31,0.68,A-04,1042759.00
2023-09-13,0.36,A-04,752984.23
2023-09-22,0.77,A-04,552370.93
2023-09-29,0.78,A-04,396338.37
2019-03-08,0.10,A-05,1368732.39
2019-03-25,0.07,A-05,1367619.71
2019-04-08,0.26,A-05,1366910.20
2019-04-23,0.92,A-05,1366316.20
2019-05-10,0.21,A-05,1253215.13
2019-05-20,0.19,A-05,1140391.26
2019-06-03,0.53,A-05,997069.90
2019-06-17,0.23,A-05,907399.43
2019-07-01,0.44,A-05,820866.10
2019-07-15,0.27,A-05,775115.45
2019-07-30,0.35,A-05,726096.90
2019-08-16,0.28,A-05,721267.19
2019-08-26,0.16,A-05,720291.06
2019-09-09,0.34,A-05,717907.00
2019-09-23,0.69,A-05,714957.67
2019-10-09,0.63,A-05,708791.39
2019-10-21,0.57,A-05,702535.90
2019-11-04,0.98,A-05,658809.27
2019-11-18,1.86,A-05,524011.20
2020-06-24,0.00,A-05,144908.80
2020-07-08,0.00,A-05,328210.32
2020-07-22,0.00,A-05,585590.39
2020-08-05,0.02,A-05,754805.13
2020-08-21,0.02,A-05,766824.74
2020-09-04,0.08,A-05,773335.67
2020-09-18,0.04,A-05,769831.00
2020-10-02,0.19,A-05,766667.97
2020-10-16,0.21,A-05,765554.74
2020-10-27,0.11,A-05,764680.06
2020-11-12,0.25,A-05,763463.20
2020-11-26,0.43,A-05,762414.60
2020-12-15,0.75,A-05,759371.45
2020-12-23,0.07,A-05,757908.23
2021-01-05,0.04,A-05,756139.35
2021-01-19,0.18,A-05,755283.55
2021-02-01,0.17,A-05,754484.21
2021-02-15,0.17,A-05,753563.21
2021-03-01,0.44,A-05,752493.13
2021-03-15,0.12,A-05,749484.94
2021-03-31,0.11,A-05,746047.00
2021-04-12,0.16,A-05,745011.40
2021-04-26,0.24,A-05,743803.20
2021-05-07,0.39,A-05,742816.03
2021-05-21,0.61,A-05,741532.10
2021-06-04,0.64,A-05,740173.93
2021-06-18,0.68,A-05,738630.20
2021-07-02,0.03,A-05,736962.29
2021-07-16,0.14,A-05,734549.32
2021-07-30,0.28,A-05,732136.35
2021-08-13,1.41,A-05,669336.71
2021-08-27,1.53,A-05,601891.94
2021-09-10,1.47,A-05,388414.67
2022-04-08,0.00,A-05,419073.87
2022-04-22,0.00,A-05,538819.13
2022-05-06,0.00,A-05,641194.94
2022-05-20,0.09,A-05,720411.45
2022-06-03,0.15,A-05,782318.20
2022-06-17,0.04,A-05,780755.80
2022-07-01,0.03,A-05,779267.45
2022-07-15,0.02,A-05,778741.77
2022-07-25,0.04,A-05,778366.29
2022-08-08,0.04,A-05,777618.94
2022-08-19,0.08,A-05,776901.10
2022-09-02,0.22,A-05,775963.07
2022-09-08,0.31,A-05,775498.27
2022-09-19,0.26,A-05,774646.13
2022-10-03,0.45,A-05,773335.19
2022-10-14,0.21,A-05,771652.90
2022-10-28,0.00,A-05,769511.81
2022-11-11,0.73,A-05,768256.23
2022-11-25,1.89,A-05,767242.17
2022-12-09,0.33,A-05,765617.39
2022-12-13,0.35,A-05,765056.23
2022-12-23,0.66,A-05,763653.32
2023-01-06,0.41,A-05,759474.87
2023-01-20,0.40,A-05,752343.90
2023-02-03,1.51,A-05,734858.75
2023-02-16,2.00,A-05,683369.00
2023-03-02,0.64,A-05,625269.81
2023-03-16,1.30,A-05,551278.45
2023-03-30,0.86,A-05,477287.10
2023-04-13,0.46,A-05,470967.63
2023-04-21,0.27,A-05,470331.10
2023-04-27,0.48,A-05,469853.70
2023-05-11,0.39,A-05,302977.42
2019-05-14,0.00,A-06,917555.13
2019-05-27,0.00,A-06,1004064.68
2019-06-11,0.01,A-06,1030048.30
2019-06-25,0.13,A-06,1029240.50
2019-07-09,0.09,A-06,1028419.26
2019-07-23,0.28,A-06,1027590.55
2019-08-06,0.52,A-06,1026729.90
2019-08-20,0.50,A-06,1025826.68
2019-09-03,0.41,A-06,1024831.20
2019-09-17,0.42,A-06,1023497.47
2019-10-02,0.33,A-06,1022048.48
2019-10-15,0.89,A-06,1020680.13
2019-10-29,1.49,A-06,1019206.52
2019-11-12,0.31,A-06,1017809.20
2019-11-25,0.25,A-06,1016523.50
2019-12-10,0.53,A-06,1014963.19
2019-12-20,0.75,A-06,1013897.39
2020-01-10,1.10,A-06,1011996.94
2020-01-21,0.81,A-06,1011196.06
2020-02-07,0.27,A-06,1008543.48
2020-02-18,0.62,A-06,1005519.24
2020-03-19,0.52,A-06,903642.29
2020-03-31,0.89,A-06,841209.00
2020-04-15,1.40,A-06,829312.50
2020-05-06,0.57,A-06,816555.10
2020-05-12,0.40,A-06,815694.19
2020-05-26,0.10,A-06,813685.42
2020-06-09,0.42,A-06,811741.30
2020-06-23,0.33,A-06,809833.10
2020-07-07,0.63,A-06,806908.84
2020-07-21,0.35,A-06,802968.52
2020-08-04,0.39,A-06,757369.23
2020-08-18,0.24,A-06,607622.52
2020-09-02,0.56,A-06,437333.87
2020-09-09,0.90,A-06,328000.40
2021-01-12,0.00,A-06,1025802.19
2021-01-27,0.00,A-06,1064599.94
2021-02-09,0.00,A-06,1070374.96
2021-02-23,0.00,A-06,1063264.46
2021-03-09,0.04,A-06,1058363.81
2021-03-23,0.01,A-06,1054690.84
2021-04-09,0.06,A-06,1051731.90
2021-04-20,0.12,A-06,1050680.67
2021-05-04,0.12,A-06,1049594.94
2021-05-18,0.07,A-06,1049139.71
2021-06-01,0.17,A-06,1048698.33
2021-06-15,0.22,A-06,1048437.00
2021-06-29,0.23,A-06,1048175.67
2021-07-13,0.52,A-06,1047278.45
2021-07-27,0.23,A-06,1046332.32
2021-08-10,0.28,A-06,1044454.26
2021-08-24,0.34,A-06,1042203.42
2021-09-07,0.18,A-06,1039123.60
2021-09-21,1.19,A-06,1035214.80
2021-10-05,0.81,A-06,1031142.00
2021-10-19,0.56,A-06,1026774.00
2021-11-02,0.22,A-06,1022622.07
2021-11-17,1.07,A-06,1019562.57
2021-12-01,1.00,A-06,1016214.58
2021-12-15,0.51,A-06,1006464.71
2021-12-29,0.60,A-06,996714.84
2022-01-11,0.86,A-06,985480.55
2022-01-25,0.90,A-06,972955.06
2022-02-09,0.56,A-06,887936.36
2022-02-22,1.43,A-06,772885.43
2022-03-08,2.27,A-06,534034.03
2022-10-12,0.00,A-06,388738.32
2022-10-26,0.00,A-06,700759.03
2022-11-10,0.02,A-06,897925.67
2022-11-23,0.12,A-06,1009375.53
2022-12-07,0.27,A-06,1068646.58
2022-12-21,0.20,A-06,1067165.74
2023-01-04,0.64,A-06,1065228.65
2023-01-11,0.74,A-06,1063689.77
2023-01-25,0.52,A-06,1060612.03
2023-02-08,0.07,A-06,1056401.00
2023-02-22,0.16,A-06,1051340.00
2023-03-08,0.28,A-06,1046949.58
2023-03-23,0.38,A-06,1042784.42
2023-04-05,0.27,A-06,1038389.50
2023-04-19,0.20,A-06,1032303.70
2023-05-03,0.06,A-06,1027240.48
2023-05-17,0.13,A-06,1025926.74
2023-05-31,0.23,A-06,1024613.00
2023-06-14,0.30,A-06,1023846.27
2023-06-28,0.26,A-06,1023079.53
2023-07-12,0.33,A-06,1022191.55
2023-07-26,0.22,A-06,1021283.35
2023-08-09,0.32,A-06,1019457.45
2023-08-15,0.36,A-06,1018456.42
2023-08-29,0.12,A-06,1016120.68
2023-09-12,0.20,A-06,1011894.60
2023-09-26,0.42,A-06,1007353.47
2023-10-10,0.62,A-06,996887.94
2023-10-18,0.82,A-06,989553.48
2023-10-25,0.82,A-06,983135.84
2023-11-08,0.58,A-06,947135.27
2023-11-22,0.72,A-06,893760.73
2023-11-29,0.60,A-06,867073.47
2023-12-13,0.66,A-06,734966.52
2023-12-29,0.40,A-06,577065.61
2024-01-10,0.64,A-06,557328.00
2024-01-23,0.78,A-06,557328.00
2023-06-21,0.00,A-08,170735.90
2023-07-05,0.00,A-08,213240.65
2023-07-19,0.03,A-08,212934.45
2023-08-02,0.10,A-08,212607.35
2023-08-14,0.37,A-08,212219.48
2023-08-28,0.40,A-08,211766.97
2023-09-11,0.63,A-08,210468.80
2023-09-25,0.72,A-08,208940.00
2023-10-09,1.16,A-08,208215.45
2023-10-24,0.90,A-08,207917.87
2023-11-07,0.93,A-08,207626.87
2023-11-13,0.99,A-08,207496.47
2023-11-20,0.92,A-08,207344.33
2023-11-28,0.38,A-08,207170.47
2023-12-05,0.50,A-08,207007.65
2023-12-14,0.42,A-08,206792.81
2023-12-19,0.30,A-08,206673.45
2023-12-28,0.30,A-08,206458.61
2024-01-02,0.13,A-08,206387.00
2024-01-09,0.36,A-08,206387.00
2024-01-24,0.47,A-08,206387.00
2019-03-12,1.05,A-11,551758.23
2019-03-25,1.16,A-11,417649.39
2019-04-10,1.00,A-11,273062.00
2019-11-08,0.00,A-11,630229.80
2019-11-21,0.00,A-11,988745.10
2019-12-05,0.00,A-11,1236246.39
2019-12-19,0.03,A-11,1234281.87
2020-01-02,0.05,A-11,1232325.16
2020-01-16,0.03,A-11,1230415.29
2020-01-30,0.14,A-11,1228505.42
2020-02-13,0.10,A-11,1226164.38
2020-02-27,0.05,A-11,1223790.17
2020-03-13,0.09,A-11,1221183.55
2020-03-26,0.16,A-11,1218916.10
2020-04-14,0.25,A-11,1216356.53
2020-04-23,0.21,A-11,1215271.73
2020-05-07,0.20,A-11,1212616.58
2020-05-22,0.12,A-11,1208734.97
2020-06-04,0.05,A-11,1205698.53
2020-06-18,0.13,A-11,1203222.40
2020-07-02,0.10,A-11,1200865.55
2020-07-15,0.12,A-11,1199341.61
2020-07-30,0.22,A-11,1197583.23
2020-08-13,0.22,A-11,1193092.13
2020-08-27,0.26,A-11,1188381.81
2020-09-10,0.78,A-11,1181838.33
2020-09-24,0.30,A-11,1174561.60
2020-10-09,1.25,A-11,1163215.55
2020-10-22,0.52,A-11,1151331.45
2020-11-05,0.93,A-11,1141109.00
2020-11-19,0.34,A-11,1135523.00
2020-12-03,1.33,A-11,1127886.06
2020-12-08,0.81,A-11,1122472.84
2020-12-17,0.51,A-11,1112729.03
2020-12-30,0.44,A-11,1098654.65
2021-01-14,0.84,A-11,1010799.55
2021-01-28,0.85,A-11,924027.10
2021-02-11,0.90,A-11,774673.64
2021-02-25,0.89,A-11,608252.64
2021-03-11,1.10,A-11,369413.55
2021-07-09,0.00,A-11,628887.10
2021-07-23,0.01,A-11,1001366.58
2021-08-06,0.02,A-11,1213177.48
2021-08-20,0.16,A-11,1210763.61
2021-09-03,0.19,A-11,1208554.00
2021-09-17,0.29,A-11,1207093.33
2021-09-23,0.39,A-11,1206467.33
2021-10-01,0.44,A-11,1205619.58
2021-10-15,0.14,A-11,1203975.71
2021-10-29,0.36,A-11,1202331.84
2021-11-12,0.41,A-11,1200868.60
2021-11-25,0.84,A-11,1199537.83
2021-12-09,0.05,A-11,1197634.19
2021-12-23,0.05,A-11,1195469.16
2022-01-08,0.20,A-11,1191938.84
2022-01-20,0.04,A-11,1188499.10
2022-02-03,0.04,A-11,1185073.75
2022-02-17,0.10,A-11,1183803.25
2022-03-03,0.12,A-11,1182412.87
2022-03-17,0.18,A-11,1180582.94
2022-03-30,0.13,A-11,1178883.71
2022-04-13,0.03,A-11,1174427.03
2022-04-27,0.07,A-11,1169768.30
2022-05-11,0.28,A-11,1140308.03
2022-05-25,0.24,A-11,1104083.71
2022-06-08,0.11,A-11,1033292.60
2022-06-22,0.21,A-11,936576.40
2022-07-06,0.27,A-11,840979.35
2022-07-15,0.47,A-11,780483.39
2022-07-25,0.50,A-11,713265.65
2022-08-03,0.50,A-11,630734.77
2022-08-11,0.89,A-11,518200.84
2022-08-17,0.81,A-11,433800.39
2022-08-25,0.80,A-11,321266.45
2023-01-02,0.00,A-11,737690.77
2023-01-16,0.00,A-11,736996.19
2023-01-30,0.02,A-11,736301.61
2023-02-13,0.12,A-11,810296.29
2023-02-27,0.11,A-11,890036.29
2023-03-13,0.04,A-11,1037624.06
2023-03-27,0.06,A-11,1190430.90
2023-04-05,0.04,A-11,1233257.33
2023-04-19,0.06,A-11,1230925.87
2023-05-03,0.04,A-11,1228612.35
2023-05-17,0.10,A-11,1226364.68
2023-05-31,0.11,A-11,1224117.00
2023-06-14,0.13,A-11,1222317.53
2023-06-28,0.14,A-11,1220518.07
2023-07-12,0.25,A-11,1218766.42
2023-07-26,0.15,A-11,1217022.74
2023-08-09,0.12,A-11,1214434.52
2023-08-23,0.35,A-11,1211377.10
2023-08-30,0.76,A-11,1209848.39
2023-09-13,0.20,A-11,1200830.73
2023-09-27,0.39,A-11,1191354.60
2023-10-11,1.04,A-11,1177926.58
2023-10-25,0.14,A-11,1163420.77
2023-11-08,0.15,A-11,1135964.27
2023-11-22,0.51,A-11,1098794.73
2023-12-06,0.56,A-11,1003646.81
2023-12-20,0.54,A-11,831194.35
2023-12-27,0.48,A-11,744968.13
2024-01-04,0.78,A-11,695696.00
2024-01-18,0.52,A-11,695696.00
2019-03-05,0.11,A-12,1423437.90
2019-03-19,0.01,A-12,1421066.03
2019-04-02,0.04,A-12,1418846.33
2019-04-17,0.07,A-12,1417446.33
2019-05-03,0.07,A-12,1416056.48
2019-05-08,0.07,A-12,1415762.29
2019-05-15,0.04,A-12,1415350.42
2019-05-29,0.09,A-12,1414526.68
2019-06-13,0.07,A-12,1427069.70
2019-06-26,0.14,A-12,1439730.40
2019-07-10,0.22,A-12,1442880.84
2019-07-24,0.36,A-12,1441837.61
2019-08-07,0.31,A-12,1439903.13
2019-08-23,0.19,A-12,1436673.71
2019-09-04,0.29,A-12,1434526.73
2019-09-20,0.36,A-12,1432397.67
2019-10-02,0.57,A-12,1430104.48
2019-10-16,0.76,A-12,1423366.87
2019-10-29,0.33,A-12,1417110.52
2019-11-15,1.46,A-12,1404341.00
2019-11-27,0.55,A-12,1394895.40
2019-12-13,0.62,A-12,1382781.48
2020-01-09,1.01,A-12,1342575.58
2020-01-15,1.25,A-12,1324773.97
2020-01-24,1.93,A-12,1298071.55
2020-02-07,0.75,A-12,1174446.21
2020-02-24,0.98,A-12,924651.14
2020-03-04,0.87,A-12,829887.42
2020-03-19,1.30,A-12,750032.74
2020-04-01,1.24,A-12,677568.80
2020-04-16,2.92,A-12,548865.80
2020-04-29,1.10,A-12,437323.20
2020-10-21,0.00,A-12,593062.35
2020-11-04,0.00,A-12,935568.60
2020-11-18,0.02,A-12,1145903.20
2020-12-02,0.09,A-12,1325881.35
2020-12-16,0.13,A-12,1323720.84
2020-12-30,0.28,A-12,1321560.32
2021-01-13,0.13,A-12,1319380.94
2021-01-27,0.18,A-12,1317200.10
2021-02-10,0.10,A-12,1315194.86
2021-02-24,0.04,A-12,1313259.86
2021-03-10,0.07,A-12,1311602.16
2021-03-24,0.13,A-12,1310055.39
2021-04-07,0.05,A-12,1308865.50
2021-04-21,0.30,A-12,1308032.50
2021-05-05,0.10,A-12,1306291.68
2021-05-19,0.18,A-12,1302916.77
2021-06-02,0.10,A-12,1299872.60
2021-06-16,0.18,A-12,1298812.80
2021-06-30,0.30,A-12,1297753.00
2021-07-14,0.29,A-12,1293574.68
2021-07-28,0.36,A-12,1289396.35
2021-08-11,0.68,A-12,1275978.03
2021-08-25,0.35,A-12,1260039.71
2021-09-08,0.37,A-12,1239193.53
2021-09-22,1.18,A-12,1214666.47
2021-10-06,0.80,A-12,1184501.90
2021-10-20,1.45,A-12,1146820.68
2021-11-03,0.41,A-12,1099720.70
2021-11-17,1.55,A-12,1018085.30
2021-12-01,2.94,A-12,911884.84
2021-12-15,3.23,A-12,486338.58
2022-07-07,0.00,A-12,921779.52
2022-07-21,0.00,A-12,1048012.55
2022-08-04,0.00,A-12,1137676.55
2022-08-18,0.08,A-12,1135917.97
2022-09-01,0.09,A-12,1140584.27
2022-09-08,0.07,A-12,1184679.13
2022-09-15,0.10,A-12,1228774.00
2022-09-22,0.17,A-12,1272868.87
2022-09-29,0.25,A-12,1316963.73
2022-10-13,0.43,A-12,1320066.68
2022-10-21,0.50,A-12,1318099.71
2022-11-03,0.45,A-12,1313985.50
2022-11-17,0.11,A-12,1306259.83
2022-12-01,0.42,A-12,1298679.39
2022-12-15,0.51,A-12,1292986.81
2022-12-29,0.62,A-12,1287294.23
2023-01-12,1.37,A-12,1280203.84
2023-01-26,1.23,A-12,1272880.48
2023-02-09,0.29,A-12,1267718.96
2023-02-23,0.37,A-12,1263758.46
2023-03-09,0.42,A-12,1251672.61
2023-03-23,0.51,A-12,1235072.68
2023-04-04,0.56,A-12,1217161.00
2023-04-18,0.67,A-12,1187670.00
2023-04-29,0.30,A-12,1164498.50
2023-05-04,0.25,A-12,1143328.65
2023-05-16,0.34,A-12,1086138.58
2023-05-30,0.15,A-12,1019416.84
2023-06-13,0.02,A-12,1006185.83
2023-06-27,0.36,A-12,997069.50
2023-07-11,0.12,A-12,920942.65
2023-07-25,0.04,A-12,826540.19
2023-08-08,0.17,A-12,641847.16
2023-08-22,0.43,A-12,389436.19
2023-08-31,0.73,A-12,227172.00
2024-01-09,0.00,A-12,1324920.00
2024-01-23,0.00,A-12,1324920.00
2019-03-05,0.05,A-13,1031117.29
2019-03-20,0.13,A-13,1028586.16
2019-04-02,0.12,A-13,1026465.80
2019-04-23,0.20,A-13,1023691.70
2019-05-06,0.18,A-13,1022386.68
2019-05-22,0.25,A-13,1021372.48
2019-06-03,0.23,A-13,1020567.10
2019-06-17,0.25,A-13,1019470.90
2019-07-03,0.06,A-13,1015799.16
2019-07-17,0.04,A-13,1003414.58
2019-07-31,0.13,A-13,991030.00
2019-08-14,0.22,A-13,990344.00
2019-08-28,0.16,A-13,989658.00
2019-09-11,0.27,A-13,988920.30
2019-09-25,0.42,A-13,988168.50
2019-10-14,0.39,A-13,983442.13
2019-10-22,0.49,A-13,980894.77
2019-11-06,2.74,A-13,971281.00
2019-11-26,1.01,A-13,948787.67
2019-12-03,0.65,A-13,943106.32
2019-12-18,0.39,A-13,937192.94
2020-01-03,1.25,A-13,928723.39
2020-01-16,2.19,A-13,914230.06
2020-02-04,0.59,A-13,894839.69
2020-02-12,0.76,A-13,889505.07
2020-03-06,0.92,A-13,855606.29
2020-03-11,1.05,A-13,836804.03
2020-03-25,1.64,A-13,784157.71
2020-04-08,1.91,A-13,739526.73
2020-04-28,0.74,A-13,684356.07
2020-05-06,1.60,A-13,639145.32
2020-05-20,0.58,A-13,546526.74
2020-06-03,0.89,A-13,426379.50
2020-11-10,0.00,A-13,482815.67
2020-11-24,0.00,A-13,908357.80
2020-12-08,0.00,A-13,1089005.26
2020-12-22,0.01,A-13,1085981.71
2021-01-06,0.02,A-13,1083571.94
2021-01-19,0.01,A-13,1082562.13
2021-02-02,0.03,A-13,1081398.57
2021-02-19,0.04,A-13,1079431.43
2021-03-02,0.05,A-13,1077601.23
2021-03-16,0.02,A-13,1072079.81
2021-03-30,0.10,A-13,1066558.39
2021-04-13,0.08,A-13,1065004.40
2021-04-27,0.17,A-13,1063755.60
2021-05-12,0.44,A-13,1059048.00
2021-05-25,0.25,A-13,1054238.00
2021-06-08,0.04,A-13,1050923.87
2021-06-23,0.08,A-13,1048872.37
2021-07-06,0.27,A-13,1046366.03
2021-07-20,0.51,A-13,1042751.77
2021-08-03,0.44,A-13,1039268.65
2021-08-17,0.10,A-13,1036266.32
2021-08-31,0.77,A-13,1033264.00
2021-09-14,0.84,A-13,1019621.47
2021-09-28,2.18,A-13,1005978.93
2021-10-12,0.13,A-13,986978.00
2021-10-26,1.29,A-13,967084.00
2021-11-13,2.18,A-13,896360.90
2021-11-20,0.47,A-13,862105.00
2021-11-30,0.41,A-13,813168.00
2021-12-13,0.77,A-13,798592.90
2021-12-28,0.46,A-13,781775.48
2022-01-13,0.96,A-13,711204.94
2022-01-25,1.35,A-13,649167.65
2022-02-10,2.52,A-13,478437.21
2022-02-24,0.77,A-13,282840.71
2022-03-02,0.81,A-13,212313.68
2022-03-10,0.69,A-13,153744.39
2022-08-18,0.00,A-13,740698.13
2022-08-25,0.00,A-13,876858.29
2022-09-01,0.00,A-13,993402.23
2022-09-08,0.00,A-13,992248.87
2022-09-15,0.00,A-13,991095.50
2022-09-22,0.01,A-13,989942.13
2022-09-29,0.01,A-13,988788.77
2022-10-06,0.02,A-13,988339.29
2022-10-13,0.05,A-13,988007.13
2022-10-20,0.02,A-13,987674.97
2022-10-28,0.05,A-13,987295.35
2022-11-09,0.16,A-13,986789.70
2022-11-23,0.23,A-13,986224.57
2022-12-07,0.14,A-13,983587.74
2022-12-21,0.06,A-13,978879.23
2023-01-04,0.22,A-13,974985.03
2023-01-18,0.73,A-13,973126.65
2023-02-01,0.10,A-13,971233.61
2023-02-15,0.13,A-13,968890.11
2023-03-01,0.28,A-13,966635.42
2023-03-15,0.33,A-13,965535.29
2023-03-31,0.27,A-13,964278.00
2023-04-14,0.47,A-13,958329.87
2023-04-28,0.12,A-13,952381.73
2023-05-12,0.15,A-13,948323.74
2023-05-26,0.07,A-13,944580.77
2023-06-09,0.11,A-13,942223.10
2023-06-23,0.44,A-13,940635.03
2023-07-07,0.13,A-13,937922.55
2023-07-21,0.12,A-13,934085.65
2023-08-03,0.20,A-13,930361.68
2023-08-17,0.03,A-13,925772.84
2023-08-31,0.31,A-13,921184.00
2023-09-08,0.22,A-13,703511.47
2023-09-15,0.92,A-13,513048.00
2023-09-22,0.74,A-13,322584.53
2020-05-13,0.00,A-14,61561.48
2020-05-26,0.00,A-14,61519.97
2020-06-09,0.10,A-14,61468.00
2020-06-23,0.70,A-14,61412.00
2020-07-01,0.90,A-14,61379.71
2020-07-17,0.00,A-14,61311.06
2020-08-04,0.10,A-14,61235.00
2020-08-18,0.00,A-14,61179.00
2020-09-01,0.30,A-14,61123.33
2020-09-15,0.30,A-14,61072.00
2020-09-29,1.60,A-14,61020.67
2020-10-13,1.90,A-14,60802.29
2020-10-26,2.10,A-14,60587.58
2019-06-04,0.00,A-15,546113.47
2019-06-17,0.00,A-15,598423.73
2019-07-01,0.00,A-15,663517.84
2019-07-16,0.00,A-15,855275.42
2019-08-01,0.00,A-15,1046952.48
2019-08-13,0.00,A-15,1045986.29
2019-08-27,0.00,A-15,1044859.06
2019-09-11,0.00,A-15,1043759.30
2019-09-25,0.03,A-15,1042769.50
2019-10-10,0.03,A-15,1041665.03
2019-10-24,0.15,A-15,1040613.68
2019-11-06,0.12,A-15,1039742.60
2019-11-20,0.24,A-15,1038936.67
2019-12-13,0.33,A-15,1037915.23
2019-12-23,0.46,A-15,1037572.32
2020-01-02,0.17,A-15,1037128.06
2020-01-16,0.23,A-15,1035938.52
2020-02-05,0.32,A-15,1033779.00
2020-02-12,0.18,A-15,1032540.00
2020-03-12,0.21,A-15,731387.13
2020-03-18,0.13,A-15,582315.19
2020-03-25,0.21,A-15,408397.94
2020-04-08,0.45,A-15,253435.60
2020-04-22,0.38,A-15,243127.40
2020-05-07,0.51,A-15,236800.29
2020-05-20,0.48,A-15,235989.26
2020-06-04,0.08,A-15,232953.67
2020-06-15,0.00,A-15,226493.00
2020-06-29,0.11,A-15,218270.33
2020-07-15,0.51,A-15,408967.84
2020-07-30,0.23,A-15,600252.68
2020-08-11,0.15,A-15,609430.35
2020-08-25,0.21,A-15,604880.81
2020-09-11,0.20,A-15,529174.90
2020-09-23,0.51,A-15,448713.70
2020-10-07,0.54,A-15,371276.06
2020-10-22,0.70,A-15,305914.77
2020-11-04,0.88,A-15,245464.53
2020-11-16,0.91,A-15,181764.13
2020-11-30,0.70,A-15,107447.00
2020-12-18,1.00,A-15,57967.90
2020-12-30,1.00,A-15,24981.84
2021-04-14,0.00,A-15,1062310.33
2021-04-20,0.00,A-15,1065029.33
2021-05-04,0.00,A-15,1068870.81
2021-05-18,0.01,A-15,1066455.13
2021-06-01,0.01,A-15,1064172.70
2021-06-15,0.02,A-15,1063622.50
2021-06-29,0.02,A-15,1063072.30
2021-07-13,0.05,A-15,1062463.10
2021-07-27,0.20,A-15,1061849.35
2021-08-10,0.08,A-15,1061137.87
2021-08-24,0.08,A-15,1060387.29
2021-09-07,0.19,A-15,1059538.33
2021-09-23,0.19,A-15,1058455.67
2021-10-04,0.37,A-15,1057719.03
2021-10-19,0.52,A-15,1056732.90
2021-10-26,0.64,A-15,1056272.71
2021-11-02,0.29,A-15,1055615.00
2021-11-17,0.14,A-15,1053147.50
2021-12-01,0.17,A-15,1050938.77
2021-12-10,0.20,A-15,1050306.74
2021-12-21,0.29,A-15,1049534.26
2021-12-28,0.44,A-15,1049042.68
2022-01-14,0.57,A-15,1047529.55
2022-01-24,0.70,A-15,1046599.23
2022-02-10,0.71,A-15,984093.36
2022-02-24,0.73,A-15,897496.86
2022-03-10,0.67,A-15,841395.32
2022-03-22,0.55,A-15,803763.71
2022-04-05,0.28,A-15,735396.50
2022-04-19,0.31,A-15,622994.70
2022-04-29,0.30,A-15,542707.70
2022-05-13,1.20,A-15,438819.10
2022-05-27,1.22,A-15,335585.35
2022-06-13,0.62,A-15,173451.00
2023-01-04,0.00,A-15,1000237.03
2023-01-17,0.00,A-15,996535.39
2023-01-30,0.03,A-15,992833.74
2023-02-13,0.05,A-15,1026317.89
2023-02-27,0.06,A-15,1062684.39
2023-03-13,0.10,A-15,1064181.61
2023-03-27,0.08,A-15,1062996.58
2023-04-05,0.03,A-15,1062384.83
2023-04-19,0.06,A-15,1061619.97
2023-05-03,0.06,A-15,1060912.74
2023-05-17,0.12,A-15,1060416.87
2023-05-31,0.22,A-15,1059921.00
2023-06-14,0.24,A-15,1059413.27
2023-06-28,0.28,A-15,1058905.53
2023-07-12,0.27,A-15,1058394.81
2023-07-26,0.31,A-15,1057883.58
2023-08-01,0.35,A-15,1057147.87
2023-08-07,0.44,A-15,1053829.10
2023-08-21,0.59,A-15,1046085.29
2023-08-29,0.19,A-15,1041660.26
2023-09-06,0.74,A-15,1037571.40
2023-09-20,0.08,A-15,1030612.00
2023-10-04,0.13,A-15,1024483.58
2023-10-12,0.16,A-15,1022168.74
2023-10-23,0.37,A-15,1018985.84
2023-10-30,0.63,A-15,1016960.35
2023-11-07,0.47,A-15,977820.53
2023-11-17,0.58,A-15,922319.87
2023-11-24,0.60,A-15,883469.40
2023-11-30,0.51,A-15,850169.00
2023-12-12,0.64,A-15,775082.68
2023-12-21,0.49,A-15,718767.94
2024-01-06,0.51,A-15,656196.00
2024-01-18,0.75,A-15,656196.00
2024-01-25,0.65,A-15,656196.00
2019-03-12,0.04,A-18,682332.35
2019-03-26,0.15,A-18,666170.94
2019-04-12,0.16,A-18,600046.20
2019-04-29,0.23,A-18,514546.40
2019-05-10,0.13,A-18,508962.48
2019-05-20,0.20,A-18,508407.97
2019-06-04,0.23,A-18,507767.20
2019-06-17,0.10,A-18,507667.10
2019-07-03,0.20,A-18,507551.52
2019-07-17,0.30,A-18,507479.26
2019-07-31,0.17,A-18,507407.00
2019-08-12,0.28,A-18,507301.32
2019-08-26,0.91,A-18,507178.03
2019-09-02,0.58,A-18,507122.07
2019-09-09,0.61,A-18,507080.30
2019-09-16,0.46,A-18,507038.53
2019-09-30,0.68,A-18,506955.00
2019-10-09,1.55,A-18,506888.23
2019-10-17,0.77,A-18,506828.87
2019-10-31,1.19,A-18,506725.00
2019-11-13,2.57,A-18,466519.90
2019-12-03,2.24,A-18,398449.39
2020-06-18,0.00,A-18,460433.40
2020-07-02,0.00,A-18,596552.61
2020-07-13,0.00,A-18,735183.48
2020-08-04,0.00,A-18,961859.68
2020-08-12,0.00,A-18,961511.03
2020-08-24,0.03,A-18,960988.06
2020-09-09,0.00,A-18,960323.60
2020-09-21,0.03,A-18,959844.40
2020-10-05,0.00,A-18,959315.97
2020-10-26,0.06,A-18,958606.03
2020-11-02,0.02,A-18,958331.27
2020-11-17,0.09,A-18,957538.27
2020-11-30,0.11,A-18,956851.00
2020-12-18,0.22,A-18,956204.16
2020-12-30,0.18,A-18,955772.94
2021-01-11,0.16,A-18,955269.68
2021-01-26,0.23,A-18,954632.42
2021-02-10,0.20,A-18,953732.14
2021-02-22,0.21,A-18,952906.71
2021-03-08,0.07,A-18,951712.58
2021-03-22,0.15,A-18,950345.10
2021-04-14,0.09,A-18,949096.87
2021-04-19,0.15,A-18,948965.03
2021-05-03,0.11,A-18,948581.71
2021-05-25,0.45,A-18,947897.58
2021-05-31,0.41,A-18,947711.00
2021-06-14,0.60,A-18,945931.13
2021-06-28,0.16,A-18,944151.27
2021-07-12,0.26,A-18,942881.65
2021-07-26,0.33,A-18,941697.06
2021-08-09,0.64,A-18,898975.16
2021-08-23,0.65,A-18,833176.97
2021-09-06,0.34,A-18,754238.40
2021-09-20,0.21,A-18,657779.33
2021-10-04,0.66,A-18,565736.00
2021-10-19,0.92,A-18,478946.00
2021-10-29,0.63,A-18,421086.00
2021-11-11,0.56,A-18,323062.80
2021-11-23,0.70,A-18,228752.40
2021-12-07,0.85,A-18,164584.94
2021-12-21,2.00,A-18,146278.81
2022-01-07,0.50,A-18,103124.90
2022-01-21,1.15,A-18,42968.71
2022-06-15,0.00,A-18,652087.50
2022-06-29,0.00,A-18,964463.43
2022-07-13,0.00,A-18,982495.23
2022-07-27,0.00,A-18,977885.16
2022-08-10,0.01,A-18,975385.42
2022-08-24,0.05,A-18,973729.81
2022-08-31,0.03,A-18,972902.00
2022-09-13,0.04,A-18,971760.60
2022-09-21,0.04,A-18,971058.20
2022-10-05,0.06,A-18,969857.84
2022-10-19,0.07,A-18,968709.39
2022-11-01,0.15,A-18,967667.80
2022-11-28,0.36,A-18,966123.40
2022-12-05,0.35,A-18,965788.35
2022-12-16,0.28,A-18,965302.94
2022-12-27,0.33,A-18,964817.52
2023-01-10,0.50,A-18,963820.03
2023-01-23,0.58,A-18,962752.77
2023-02-06,0.79,A-18,961146.07
2023-02-21,0.64,A-18,958771.25
2023-03-11,0.63,A-18,868188.29
2023-03-28,0.55,A-18,729909.19
2023-04-04,0.55,A-18,705141.00
2023-04-18,0.80,A-18,703860.00
2023-04-27,0.46,A-18,703036.50
2023-05-11,0.82,A-18,708046.97
2023-05-19,0.09,A-18,711890.58
2023-05-25,0.14,A-18,714773.29
2023-06-07,0.20,A-18,688501.47
2023-06-21,0.33,A-18,630192.40
2023-07-05,0.67,A-18,592119.61
2023-07-19,0.39,A-18,590472.13
2023-08-02,0.74,A-18,561939.61
2023-08-08,0.94,A-18,480578.45
2023-08-15,1.02,A-18,385657.10
2023-08-25,0.97,A-18,250055.16
2019-03-11,0.63,A-19,986418.03
2019-03-25,0.77,A-19,986005.71
2019-04-11,1.41,A-19,984776.30
2019-04-30,0.89,A-19,982958.00
2019-05-10,1.06,A-19,978233.81
2019-05-21,0.37,A-19,973037.19
2019-06-04,0.25,A-19,967372.20
2019-06-17,1.12,A-19,964314.60
2019-07-02,0.25,A-19,960833.84
2019-07-18,0.73,A-19,957448.55
2019-08-01,0.47,A-19,948938.74
2019-08-23,0.38,A-19,822235.06
2019-08-28,0.59,A-19,793438.77
2019-09-10,1.44,A-19,715664.67
2019-09-24,0.85,A-19,630969.80
2019-10-11,1.11,A-19,505367.97
2019-10-25,0.87,A-19,391708.29
2019-11-08,3.96,A-19,251531.13
2020-05-25,0.00,A-19,960268.81
2020-06-03,0.00,A-19,1040793.70
2020-06-17,0.01,A-19,1038351.63
2020-07-01,0.01,A-19,1036038.97
2020-07-14,0.01,A-19,1035453.55
2020-07-31,0.04,A-19,1034688.00
2020-08-10,0.02,A-19,1033969.61
2020-08-26,0.02,A-19,1032820.19
2020-09-14,0.13,A-19,1031771.73
2020-09-22,0.32,A-19,1031377.87
2020-10-06,0.57,A-19,1030077.23
2020-10-22,0.09,A-19,1027659.16
2020-11-03,0.31,A-19,1025463.50
2020-11-17,0.19,A-19,1021564.50
2020-12-03,1.86,A-19,1016749.32
2020-12-22,0.10,A-19,1009183.03
2020-12-30,0.13,A-19,1005997.23
2021-01-12,0.18,A-19,1004525.58
2021-01-26,0.30,A-19,1003273.26
2021-02-10,0.45,A-19,1000555.29
2021-02-22,0.47,A-19,997830.43
2021-03-09,0.73,A-19,993719.23
2021-03-23,0.09,A-19,989443.35
2021-04-14,0.10,A-19,984780.53
2021-04-20,0.15,A-19,983829.33
2021-05-07,1.67,A-19,979866.48
2021-05-20,1.19,A-19,975451.10
2021-05-31,0.41,A-19,971715.00
2021-06-16,0.60,A-19,725878.73
2021-06-29,0.72,A-19,526136.77
2021-07-13,0.30,A-19,456095.68
2021-07-27,0.38,A-19,397213.48
2021-08-10,0.98,A-19,312610.32
2021-08-24,1.42,A-19,217718.77
2022-01-12,0.00,A-19,859732.13
2022-01-25,0.00,A-19,949843.94
2022-02-10,0.00,A-19,1017730.07
2022-02-24,0.05,A-19,1054544.57
2022-03-10,0.03,A-19,1063907.52
2022-03-24,0.01,A-19,1062289.84
2022-04-09,0.03,A-19,1061050.20
2022-04-21,0.04,A-19,1060475.80
2022-05-05,0.01,A-19,1059826.29
2022-05-19,0.09,A-19,1059213.90
2022-06-02,0.27,A-19,1058162.80
2022-06-14,0.32,A-19,1055005.60
2022-06-28,0.02,A-19,1051322.20
2022-07-13,0.06,A-19,1049900.68
2022-07-26,0.10,A-19,1049005.35
2022-08-09,0.02,A-19,1047961.61
2022-08-23,0.03,A-19,1046873.68
2022-08-30,0.14,A-19,1046329.71
2022-09-09,0.31,A-19,1044861.20
2022-09-23,0.05,A-19,1042697.73
2022-10-04,0.14,A-19,1040623.23
2022-10-17,0.65,A-19,1037396.71
2022-10-31,0.23,A-19,1033922.00
2022-11-28,3.25,A-19,1031411.33
2022-12-05,0.61,A-19,1028012.81
2022-12-15,0.78,A-19,1021574.42
2022-12-23,0.72,A-19,1016423.71
2023-01-06,0.75,A-19,932622.68
2023-01-16,0.98,A-19,801538.81
2023-01-30,1.13,A-19,618021.39
2023-02-13,0.72,A-19,457957.29
2023-02-21,0.72,A-19,367523.00
2023-02-27,0.44,A-19,299697.29
2023-03-09,0.73,A-19,288246.10
2023-03-16,0.98,A-19,288131.84
2023-03-27,2.44,A-19,287952.29
2023-04-10,0.88,A-19,210963.00
2023-04-24,0.50,A-19,103269.40
2023-05-02,0.35,A-19,53430.16
2019-03-13,0.71,A-21,1005223.03
2019-03-27,1.76,A-21,853832.45
2019-04-10,0.94,A-21,714168.67
2019-04-24,1.14,A-21,579195.60
2019-05-09,1.43,A-21,383373.90
2019-05-23,1.00,A-21,168744.42
2019-10-30,0.00,A-21,804922.26
2019-11-13,0.00,A-21,1009914.97
2019-11-25,0.00,A-21,1174372.17
2019-12-09,0.07,A-21,1240911.35
2019-12-23,0.05,A-21,1237824.13
2020-01-13,0.13,A-21,1232026.23
2020-01-21,0.13,A-21,1229543.90
2020-02-03,0.14,A-21,1225510.69
2020-02-17,0.13,A-21,1221169.24
2020-03-05,0.18,A-21,1216010.42
2020-03-17,0.25,A-21,1212560.23
2020-03-30,0.24,A-21,1208822.52
2020-04-15,0.26,A-21,1204232.50
2020-04-27,0.21,A-21,1200790.50
2020-05-11,0.31,A-21,1193588.68
2020-05-25,0.04,A-21,1185517.90
2020-06-08,0.05,A-21,1180388.60
2020-06-22,0.09,A-21,1177465.40
2020-07-06,0.12,A-21,1174614.94
2020-07-20,0.44,A-21,1171861.45
2020-08-03,0.22,A-21,1169206.58
2020-08-17,0.33,A-21,1166913.29
2020-08-31,0.31,A-21,1164620.00
2020-09-14,0.27,A-21,1156602.20
2020-09-28,0.19,A-21,1148584.40
2020-10-12,0.55,A-21,1137484.42
2020-10-26,0.91,A-21,1125870.74
2020-11-09,0.79,A-21,1114546.70
2020-11-16,0.46,A-21,1108965.13
2020-11-30,0.68,A-21,1097802.00
2020-12-14,0.71,A-21,1039173.16
2020-12-29,0.65,A-21,976356.55
2021-01-11,0.47,A-21,894431.81
2021-01-25,0.63,A-21,800823.74
2021-02-08,0.92,A-21,676436.86
2021-02-22,0.80,A-21,528965.86
2021-03-08,0.90,A-21,345566.84
2021-03-22,1.55,A-21,135221.81
2021-07-09,0.00,A-21,666119.52
2021-07-23,0.01,A-21,920732.10
2021-08-06,0.02,A-21,1097895.32
2021-08-20,0.06,A-21,1171792.74
2021-09-03,0.17,A-21,1229563.30
2021-09-17,0.27,A-21,1228202.03
2021-09-23,0.33,A-21,1227618.63
2021-10-06,0.30,A-21,1226476.00
2021-10-20,0.22,A-21,1225398.00
2021-10-29,0.30,A-21,1224705.00
2021-11-12,0.29,A-21,1223647.80
2021-11-25,0.88,A-21,1222669.33
2021-12-09,0.09,A-21,1221280.06
2021-12-23,0.11,A-21,1219704.39
2022-01-07,0.18,A-21,1217131.23
2022-01-20,0.04,A-21,1214024.65
2022-02-03,0.05,A-21,1211185.68
2022-02-17,0.11,A-21,1210204.18
2022-03-03,0.10,A-21,1209155.74
2022-03-17,0.15,A-21,1207861.87
2022-03-31,0.13,A-21,1206568.00
2022-04-13,0.03,A-21,1201777.93
2022-04-27,0.07,A-21,1196619.40
2022-05-11,0.27,A-21,1127874.29
2022-05-25,0.17,A-21,1041787.39
2022-06-08,0.14,A-21,962654.60
2022-06-22,0.19,A-21,888737.40
2022-07-06,0.28,A-21,800236.29
2022-07-20,0.46,A-21,692289.97
2022-07-27,0.26,A-21,638316.81
2022-08-03,0.39,A-21,569179.23
2022-08-11,0.66,A-21,467057.16
2022-08-17,0.76,A-21,390465.61
2022-08-25,0.98,A-21,288343.55
2023-01-02,0.00,A-21,831682.35
2023-01-16,0.00,A-21,830109.84
2023-01-30,0.03,A-21,828537.32
2023-02-13,0.07,A-21,825239.07
2023-02-27,0.06,A-21,821808.07
2023-03-13,0.07,A-21,994390.03
2023-03-27,0.09,A-21,1180511.45
2023-04-04,0.05,A-21,1232912.73
2023-04-18,0.05,A-21,1230195.80
2023-05-02,0.06,A-21,1227670.23
2023-05-16,0.09,A-21,1226292.81
2023-05-30,0.12,A-21,1224915.39
2023-06-13,0.15,A-21,1223238.80
2023-06-27,0.06,A-21,1221539.20
2023-07-11,0.18,A-21,1220186.77
2023-07-25,0.14,A-21,1218929.03
2023-08-08,0.09,A-21,1216741.74
2023-08-22,0.26,A-21,1213857.29
2023-08-29,0.55,A-21,1212415.06
2023-09-12,0.16,A-21,1201798.20
2023-09-26,0.23,A-21,1189892.60
2023-10-10,0.53,A-21,1179732.29
2023-10-18,0.89,A-21,1174325.32
2023-11-01,0.12,A-21,1159510.10
2023-11-15,0.21,A-21,1075105.50
2023-11-29,0.87,A-21,990700.90
2023-12-13,0.09,A-21,920366.03
2023-12-27,0.12,A-21,851113.45
2024-01-10,0.42,A-21,831327.00
2024-01-24,0.33,A-21,831327.00
2019-07-17,0.00,A-23,723661.55
2019-07-31,0.00,A-23,722556.00
2019-08-12,0.00,A-23,722308.65
2019-08-29,0.01,A-23,721958.23
2019-09-12,0.02,A-23,721729.40
2019-10-01,0.00,A-23,721441.61
2019-10-10,0.00,A-23,721384.13
2019-10-22,0.01,A-23,721307.48
2019-11-06,0.14,A-23,721206.60
2019-11-19,0.17,A-23,721112.57
2019-12-02,0.11,A-23,721009.13
2019-12-18,0.08,A-23,720818.16
2020-01-16,0.16,A-23,720485.97
2020-01-21,0.13,A-23,720430.65
2020-01-29,0.11,A-23,720342.13
2020-02-11,0.05,A-23,720232.00
2020-02-26,0.19,A-23,720112.00
2020-03-17,0.23,A-23,555899.26
2020-03-26,0.34,A-23,468975.81
2020-04-07,0.26,A-23,420239.57
2020-04-22,0.51,A-23,419285.07
2020-05-06,0.38,A-23,418727.23
2020-05-20,0.49,A-23,418613.42
2020-06-02,0.35,A-23,418499.87
2020-06-16,0.44,A-23,418330.93
2020-07-06,0.43,A-23,337227.42
2021-06-28,0.00,A-23,711506.40
2021-07-12,0.00,A-23,740494.42
2021-07-26,0.02,A-23,739590.74
2021-08-09,0.06,A-23,738928.32
2021-08-23,0.09,A-23,738399.94
2021-08-30,0.04,A-23,738135.74
2021-09-13,0.07,A-23,737555.03
2021-09-28,0.25,A-23,736928.53
2021-10-11,0.29,A-23,735997.29
2021-10-25,0.34,A-23,734918.39
2021-11-11,0.27,A-23,733860.17
2021-11-22,0.32,A-23,733264.33
2021-12-03,0.46,A-23,732685.26
2021-12-17,0.47,A-23,732005.13
2022-01-05,0.60,A-23,730568.87
2022-01-17,0.75,A-23,728754.16
2022-01-31,0.39,A-23,726637.00
2022-02-16,0.69,A-23,719229.57
2022-03-02,0.59,A-23,713548.97
2022-03-16,0.55,A-23,712673.74
2022-03-28,0.69,A-23,711923.55
2022-04-15,0.80,A-23,711105.00
2022-04-29,0.55,A-23,710516.07
2022-05-12,0.33,A-23,675258.26
2022-05-27,0.30,A-23,631238.58
2022-06-13,0.32,A-23,564065.40
2022-06-27,0.35,A-23,504366.60
2022-07-08,0.18,A-23,454705.35
2022-07-22,0.23,A-23,390185.23
2022-08-05,0.51,A-23,324314.45
2022-08-19,0.45,A-23,256012.52
2022-08-29,0.18,A-23,207225.42
2022-09-12,0.54,A-23,118480.80
2023-03-20,0.00,A-23,651409.03
2023-04-03,0.00,A-23,888417.10
2023-04-17,0.00,A-23,883013.57
2023-04-27,0.00,A-23,879153.90
2023-05-11,0.00,A-23,876882.52
2023-05-25,0.01,A-23,875465.35
2023-06-08,0.02,A-23,874610.00
2023-06-22,0.09,A-23,874176.00
2023-07-06,0.14,A-23,873720.71
2023-07-20,0.17,A-23,873237.03
2023-08-03,0.19,A-23,872694.42
2023-08-17,0.33,A-23,871935.71
2023-08-30,0.45,A-23,871231.19
2023-09-13,0.44,A-23,870110.57
2023-09-27,0.45,A-23,868962.10
2023-10-10,0.63,A-23,868090.84
2023-10-23,0.76,A-23,867278.13
2023-10-30,0.65,A-23,866840.52
2023-11-07,0.86,A-23,866346.80
2023-11-15,0.72,A-23,865854.00
2023-11-22,0.84,A-23,865422.80
2023-11-29,0.50,A-23,864991.60
2023-12-06,0.63,A-23,864481.55
2023-12-13,0.71,A-23,863958.35
2023-12-20,0.42,A-23,863435.16
2024-01-06,0.53,A-23,862613.00
2024-01-22,0.39,A-23,862613.00
2019-08-13,0.00,A-25,273872.29
2019-08-27,0.00,A-25,529365.06
2019-09-10,0.01,A-25,688343.33
2019-09-24,0.00,A-25,808715.80
2019-10-10,0.09,A-25,885201.42
2019-10-22,0.15,A-25,915078.32
2019-11-05,0.19,A-25,937212.83
2019-11-19,0.12,A-25,936447.97
2019-12-02,0.08,A-25,935772.94
2019-12-16,0.05,A-25,935254.48
2020-01-09,0.27,A-25,934340.16
2020-01-13,0.14,A-25,934180.68
2020-01-29,0.27,A-25,933542.74
2020-02-10,0.41,A-25,932754.38
2020-02-24,0.35,A-25,931762.31
2020-03-09,0.41,A-25,930443.26
2020-03-24,0.31,A-25,928835.35
2020-04-07,0.37,A-25,926569.73
2020-04-20,0.06,A-25,923755.67
2020-05-04,0.22,A-25,921081.19
2020-05-18,0.06,A-25,919296.87
2020-06-04,0.34,A-25,917244.53
2020-06-15,0.29,A-25,916157.00
2020-06-29,0.11,A-25,914772.87
2020-07-13,0.66,A-25,912682.06
2020-07-27,0.34,A-25,910536.90
2020-08-10,0.34,A-25,908768.84
2020-08-24,0.15,A-25,907151.61
2020-09-07,0.50,A-25,902611.30
2020-09-21,0.31,A-25,895147.90
2020-10-05,1.05,A-25,869918.55
2020-10-19,1.98,A-25,812710.48
2020-11-02,1.65,A-25,761061.53
2020-11-16,2.28,A-25,742767.27
2020-11-30,3.01,A-25,724473.00
2020-12-15,6.67,A-25,406056.39
2020-12-29,3.80,A-25,108867.55
2021-05-14,0.00,A-25,451546.81
2021-05-27,0.00,A-25,598032.48
2021-06-10,0.00,A-25,642080.33
2021-06-24,0.04,A-25,640645.80
2021-07-08,0.19,A-25,639767.77
2021-07-22,0.38,A-25,639307.13
2021-08-05,0.39,A-25,638489.71
2021-08-19,0.18,A-25,637030.10
2021-09-02,0.28,A-25,635599.60
2021-09-16,0.79,A-25,634343.80
2021-10-01,1.33,A-25,632907.26
2021-10-14,0.31,A-25,630557.61
2021-10-28,0.22,A-25,628027.23
2021-11-11,1.07,A-25,626160.97
2021-11-25,0.37,A-25,624475.83
2021-12-10,0.48,A-25,622406.90
2021-12-16,0.47,A-25,621526.65
2021-12-23,0.26,A-25,620499.68
2022-01-05,0.41,A-25,619055.19
2022-01-20,0.71,A-25,618242.77
2022-02-03,0.51,A-25,616306.54
2022-02-17,0.33,A-25,610051.04
2022-03-04,0.54,A-25,596740.26
2022-03-18,0.72,A-25,567355.16
2022-03-31,0.41,A-25,540069.00
2022-04-13,0.24,A-25,461089.23
2022-04-28,0.34,A-25,369958.73
2022-05-12,0.17,A-25,338894.06
2022-05-24,0.16,A-25,319980.13
2022-06-07,0.31,A-25,297880.47
2022-06-14,0.15,A-25,286813.93
2022-06-21,0.25,A-25,275747.40
2022-06-29,0.45,A-25,263099.93
2022-07-05,0.41,A-25,219338.52
2022-11-22,0.00,A-25,463557.13
2022-12-06,0.09,A-25,588470.35
2022-12-20,0.15,A-25,585771.52
2023-01-04,0.32,A-25,582176.68
2023-01-17,0.40,A-25,577385.13
2023-01-31,0.16,A-25,572225.00
2023-02-14,0.10,A-25,603243.50
2023-02-28,0.04,A-25,634262.00
2023-03-14,0.17,A-25,630755.68
2023-03-28,0.11,A-25,627249.35
2023-04-11,0.10,A-25,623250.07
2023-04-24,0.02,A-25,619411.60
2023-05-09,0.16,A-25,613464.87
2023-05-23,0.00,A-25,606970.23
2023-06-06,0.04,A-25,602406.60
2023-06-21,0.34,A-25,600275.60
2023-07-04,0.03,A-25,598067.45
2023-07-18,0.06,A-25,594814.03
2023-07-25,0.16,A-25,593187.32
2023-08-04,0.24,A-25,590732.23
2023-08-11,0.37,A-25,588875.87
2023-08-18,0.40,A-25,587019.52
2023-09-01,0.05,A-25,583311.87
2023-09-15,0.34,A-25,579670.00
2023-09-29,0.34,A-25,576028.13
2023-10-13,0.09,A-25,574039.00
2023-10-27,0.25,A-25,572177.00
2023-11-07,0.68,A-25,570970.43
2023-11-16,0.95,A-25,570103.13
2023-11-30,0.27,A-25,568754.00
2023-12-05,0.51,A-25,546090.13
2023-12-19,0.22,A-25,482631.29
2024-01-06,0.36,A-25,428238.00
2024-01-16,0.42,A-25,428238.00
2024-01-23,0.67,A-25,428238.00
2019-04-30,0.00,A-27,1040858.00
2019-05-16,0.00,A-27,1146602.52
2019-05-28,0.01,A-27,1225910.90
2019-06-12,0.07,A-27,1245304.00
2019-06-25,0.03,A-27,1244833.83
2019-07-09,0.03,A-27,1244230.58
2019-07-23,0.13,A-27,1243573.48
2019-08-06,0.16,A-27,1242911.16
2019-08-20,0.34,A-27,1242241.87
2019-09-03,0.41,A-27,1241584.50
2019-09-17,0.67,A-27,1240970.83
2019-09-23,0.74,A-27,1240707.83
2019-10-01,0.81,A-27,1240265.52
2019-10-11,0.71,A-27,1238910.68
2019-10-18,0.92,A-27,1237962.29
2019-10-24,1.09,A-27,1237149.39
2019-10-31,0.54,A-27,1236201.00
2019-11-07,0.55,A-27,1235607.40
2019-11-14,0.93,A-27,1235013.80
2019-11-28,0.93,A-27,1233826.60
2019-12-06,0.91,A-27,1227478.74
2019-12-13,1.13,A-27,1220270.77
2019-12-18,1.27,A-27,1215122.23
2019-12-23,1.24,A-27,1209973.68
2020-01-17,1.08,A-27,1121297.48
2020-01-22,1.10,A-27,1097639.10
2020-01-31,0.91,A-27,1055054.00
2020-02-13,0.43,A-27,955827.24
2020-02-27,0.49,A-27,848967.66
2020-03-12,0.34,A-27,727843.03
2020-03-25,0.26,A-27,613162.48
2020-04-08,0.33,A-27,481981.00
2020-04-23,0.54,A-27,335258.50
2020-05-07,0.80,A-27,206545.55
2020-08-11,0.00,A-27,535041.29
2020-08-26,0.00,A-27,670265.32
2020-09-08,0.06,A-27,872110.40
2020-09-22,0.05,A-27,1146458.60
2020-10-06,0.14,A-27,1302639.45
2020-10-20,0.13,A-27,1301263.84
2020-11-09,0.15,A-27,1299760.90
2020-11-17,0.26,A-27,1299385.70
2020-12-01,0.27,A-27,1298741.97
2020-12-17,0.29,A-27,1298197.45
2020-12-31,0.27,A-27,1297721.00
2021-01-12,0.29,A-27,1297308.74
2021-01-26,0.19,A-27,1296827.77
2021-02-09,0.05,A-27,1296171.29
2021-02-26,0.06,A-27,1295255.71
2021-03-08,0.06,A-27,1294836.00
2021-03-22,0.08,A-27,1294290.00
2021-04-09,0.04,A-27,1293608.70
2021-04-19,0.10,A-27,1293241.70
2021-05-03,0.09,A-27,1284097.35
2021-05-17,0.10,A-27,1243307.68
2021-05-31,0.20,A-27,1202518.00
2021-06-14,0.22,A-27,1132119.93
2021-06-28,0.18,A-27,1061721.87
2021-07-12,0.15,A-27,1008386.03
2021-07-30,0.14,A-27,943467.58
2021-08-09,0.22,A-27,921826.74
2021-08-27,0.20,A-27,885758.23
2021-09-13,0.20,A-27,801908.80
2021-09-20,0.21,A-27,761075.00
2021-10-04,0.31,A-27,652256.48
2021-10-21,0.60,A-27,437697.29
2021-11-01,0.53,A-27,301103.13
2021-11-15,0.10,A-27,155743.00
2022-03-14,0.00,A-27,1146782.39
2022-03-29,0.00,A-27,1355428.52
2022-04-13,0.03,A-27,1378773.40
2022-04-26,0.03,A-27,1374298.80
2022-05-10,0.04,A-27,1372102.97
2022-05-24,0.02,A-27,1370956.32
2022-06-07,0.03,A-27,1370066.13
2022-06-21,0.06,A-27,1369432.40
2022-07-05,0.05,A-27,1368771.61
2022-07-19,0.05,A-27,1368062.13
2022-08-02,0.06,A-27,1367291.87
2022-08-16,0.08,A-27,1366156.97
2022-08-26,0.05,A-27,1365346.32
2022-09-09,0.11,A-27,1364161.30
2022-09-23,0.13,A-27,1362948.43
2022-10-07,0.18,A-27,1361606.77
2022-10-21,0.23,A-27,1360136.32
2022-11-04,0.53,A-27,1347146.93
2022-11-25,0.50,A-27,1284466.83
2022-12-08,0.73,A-27,1242300.16
2022-12-22,0.80,A-27,1194625.19
2023-01-05,0.49,A-27,1129925.87
2023-01-19,0.58,A-27,1034582.71
2023-02-15,0.57,A-27,802138.39
2023-03-01,0.54,A-27,662151.29
2023-03-15,0.49,A-27,531087.35
2023-03-31,0.38,A-27,381300.00
2023-04-14,0.29,A-27,265742.60
2023-04-28,0.29,A-27,150185.20
2023-05-12,0.50,A-27,81931.06
2023-08-08,0.00,A-27,909836.87
2023-08-22,0.01,A-27,905713.65
2023-09-05,0.12,A-27,958284.50
2023-09-19,0.16,A-27,1112904.70
2023-10-03,0.20,A-27,1233839.23
2023-10-17,0.15,A-27,1231259.61
2023-10-31,0.11,A-27,1228680.00
2023-11-14,0.16,A-27,1226642.53
2023-11-28,0.17,A-27,1224605.07
2023-12-12,0.12,A-27,1222113.35
2023-12-20,0.16,A-27,1220646.26
2024-01-06,0.15,A-27,1218629.00
2024-01-17,0.12,A-27,1218629.00
2019-02-28,0.50,A-32,1250089.00
2019-03-06,0.50,A-32,1247534.35
2019-03-21,0.23,A-32,1241147.74
2019-03-28,0.50,A-32,1238167.32
2019-04-03,0.47,A-32,1229807.10
2019-04-10,0.30,A-32,1213280.33
2019-04-23,1.01,A-32,1182587.77
2019-05-02,1.01,A-32,1158822.48
2019-05-09,0.81,A-32,1133487.68
2019-05-16,0.74,A-32,1108152.87
2019-05-23,1.59,A-32,1082818.06
2019-06-13,0.21,A-32,986027.40
2019-06-20,0.23,A-32,949500.00
2019-06-27,0.39,A-32,912972.60
2019-07-04,1.04,A-32,896500.32
2019-07-11,2.29,A-32,895069.39
2019-07-25,0.34,A-32,892207.52
2019-08-01,0.26,A-32,884395.26
2019-08-08,0.38,A-32,838295.06
2019-08-15,0.38,A-32,792194.87
2019-08-22,0.32,A-32,746094.68
2019-08-29,0.67,A-32,699994.48
2019-09-05,0.74,A-32,649456.17
2019-09-12,0.92,A-32,597142.60
2019-09-19,1.00,A-32,544829.03
2019-09-26,1.48,A-32,492515.47
2019-10-15,1.46,A-32,326079.90
2019-10-31,0.55,A-32,180435.00
2020-04-16,0.00,A-32,440981.73
2020-04-30,0.00,A-32,457225.00
2020-05-14,0.00,A-32,539299.77
2020-05-28,0.06,A-32,621374.55
2020-06-11,0.23,A-32,638728.43
2020-06-25,0.21,A-32,638431.17
2020-07-09,0.24,A-32,638211.48
2020-07-23,0.17,A-32,638034.90
2020-08-06,0.17,A-32,637860.26
2020-08-20,0.45,A-32,637688.19
2020-09-03,0.85,A-32,637185.90
2020-09-17,0.89,A-32,635472.77
2020-10-02,0.05,A-32,633836.00
2020-10-15,0.81,A-32,633537.00
2020-10-29,1.40,A-32,633215.00
2020-11-12,4.17,A-32,630926.20
2020-11-17,0.26,A-32,629991.70
2020-11-26,0.29,A-32,628309.60
2020-12-03,0.27,A-32,627196.19
2020-12-10,0.55,A-32,626342.65
2020-12-17,0.70,A-32,625489.10
2020-12-30,2.58,A-32,623903.94
2021-01-13,0.36,A-32,594594.06
2021-01-27,0.43,A-32,563160.90
2021-02-10,0.44,A-32,553401.43
2021-02-24,0.99,A-32,552311.43
2021-03-10,0.56,A-32,510608.71
2021-03-24,0.54,A-32,452660.90
2021-04-07,0.48,A-32,377842.60
2021-04-21,0.93,A-32,286153.80
2021-05-05,1.48,A-32,190564.06
2021-05-19,3.55,A-32,87952.65
2021-12-28,0.00,A-32,779517.29
2022-01-11,0.00,A-32,849270.03
2022-01-25,0.00,A-32,837685.71
2022-02-08,0.05,A-32,831663.86
2022-02-22,0.04,A-32,829813.86
2022-03-08,0.05,A-32,828261.77
2022-03-22,0.06,A-32,826933.13
2022-04-05,0.14,A-32,825511.00
2022-04-11,0.15,A-32,824829.40
2022-04-26,0.21,A-32,823125.40
2022-05-10,0.07,A-32,822394.23
2022-05-24,0.20,A-32,822006.74
2022-06-07,0.07,A-32,815534.00
2022-06-21,0.03,A-32,802976.00
2022-07-05,0.14,A-32,794651.87
2022-07-19,0.39,A-32,793948.71
2022-08-02,0.23,A-32,793234.19
2022-08-16,0.22,A-32,792451.55
2022-08-26,0.07,A-32,791892.52
2022-08-30,0.81,A-32,791668.90
2022-09-13,0.12,A-32,785982.70
2022-09-21,0.13,A-32,782517.90
2022-10-05,0.26,A-32,746849.19
2022-10-19,0.90,A-32,657890.94
2022-11-02,0.85,A-32,564663.60
2022-11-16,1.00,A-32,445821.80
2022-11-30,1.63,A-32,326980.00
2022-12-14,1.69,A-32,179311.61
2022-12-28,1.90,A-32,31643.23
2023-07-03,0.00,A-32,598229.03
2023-07-17,0.00,A-32,597720.52
2023-07-31,0.00,A-32,597212.00
2023-08-14,0.02,A-32,596567.10
2023-08-28,0.03,A-32,595922.19
2023-09-11,0.02,A-32,595141.97
2023-09-25,0.13,A-32,594324.83
2023-10-09,0.15,A-32,593188.16
2023-10-17,0.12,A-32,592437.19
2023-10-30,0.28,A-32,591216.87
2023-11-13,0.02,A-32,589649.23
2023-11-27,0.11,A-32,588062.10
2023-12-08,0.13,A-32,586450.52
2023-12-21,0.22,A-32,584384.35
2024-01-04,0.18,A-32,582795.00
2024-01-19,0.20,A-32,582795.00
2019-08-13,0.00,A-47,195273.52
2019-08-27,0.00,A-47,366692.23
2019-09-10,0.00,A-47,591743.00
2019-09-24,0.06,A-47,838246.60
2019-10-10,0.08,A-47,969119.71
2019-10-22,0.15,A-47,999394.16
2019-11-05,0.21,A-47,1021862.17
2019-11-19,0.20,A-47,1021196.23
2019-12-02,0.18,A-47,1020591.39
2019-12-16,0.20,A-47,1020020.10
2020-01-09,0.25,A-47,1019104.32
2020-01-13,0.19,A-47,1018969.35
2020-01-28,0.19,A-47,1018463.23
2020-02-10,0.31,A-47,1017918.90
2020-02-24,0.37,A-47,1017298.55
2020-03-09,0.32,A-47,1016577.94
2020-03-24,0.36,A-47,1015746.16
2020-04-07,0.52,A-47,1014580.30
2020-04-20,0.05,A-47,1013136.00
2020-05-04,0.12,A-47,1011646.16
2020-05-18,0.16,A-47,1010320.23
2020-06-03,0.39,A-47,1007883.50
2020-06-15,0.14,A-47,1003061.50
2020-06-29,0.30,A-47,997435.83
2020-07-13,0.33,A-47,995415.29
2020-07-27,0.29,A-47,993672.06
2020-08-10,0.28,A-47,990925.29
2020-08-24,0.29,A-47,987777.10
2020-09-07,0.24,A-47,983011.00
2020-09-21,0.52,A-47,976627.00
2020-10-05,0.99,A-47,964048.48
2020-10-19,1.35,A-47,940319.84
2020-11-02,1.74,A-47,896479.53
2020-11-16,1.47,A-47,731969.27
2020-11-30,1.66,A-47,567459.00
2020-12-15,2.93,A-47,457050.77
2020-12-29,1.50,A-47,354003.10
2021-05-14,0.00,A-47,503250.94
2021-05-27,0.00,A-47,705813.16
2021-05-28,0.00,A-47,721394.87
2021-06-10,0.00,A-47,767580.00
2021-06-24,0.03,A-47,766796.00
2021-07-08,0.06,A-47,766120.65
2021-07-22,0.23,A-47,765526.77
2021-08-05,0.14,A-47,764871.61
2021-08-19,0.15,A-47,764106.13
2021-09-02,0.17,A-47,763317.60
2021-09-16,0.40,A-47,762390.80
2021-10-01,0.31,A-47,761389.90
2021-10-14,0.17,A-47,760426.65
2021-10-28,0.22,A-47,759389.29
2021-11-11,0.61,A-47,755506.93
2021-11-25,1.56,A-47,750848.67
2021-12-10,0.32,A-47,744610.48
2021-12-16,0.25,A-47,741865.77
2021-12-23,0.23,A-47,738663.61
2022-01-05,0.43,A-47,733629.97
2022-01-20,0.65,A-47,729507.87
2022-02-03,0.56,A-47,716531.64
2022-02-17,0.45,A-47,670082.64
2022-03-04,0.64,A-47,625541.19
2022-03-18,0.68,A-47,597380.87
2022-03-31,0.22,A-47,571232.00
2022-04-13,0.27,A-47,498254.33
2022-04-28,0.26,A-47,414049.33
2022-05-12,0.24,A-47,316017.10
2022-05-24,0.14,A-47,229212.19
2022-06-07,0.13,A-47,177061.67
2022-06-14,0.20,A-47,175547.33
2022-06-21,0.15,A-47,174033.00
2022-06-29,0.15,A-47,172302.33
2022-07-05,0.45,A-47,144330.19
2022-11-22,0.00,A-47,628434.27
2022-12-06,0.02,A-47,776114.71
2022-12-20,0.21,A-47,774763.03
2023-01-04,0.28,A-47,772984.74
2023-01-17,0.40,A-47,770656.90
2023-01-31,0.31,A-47,768150.00
2023-02-14,0.32,A-47,808169.50
2023-02-28,0.19,A-47,848189.00
2023-03-14,0.15,A-47,830657.84
2023-03-28,0.22,A-47,813126.68
2023-04-11,0.12,A-47,799748.30
2023-04-24,0.32,A-47,788377.20
2023-05-09,0.02,A-47,773438.03
2023-05-23,0.03,A-47,758363.19
2023-06-06,0.14,A-47,748656.00
2023-06-21,0.29,A-47,745923.50
2023-07-04,0.05,A-47,743519.48
2023-07-18,0.09,A-47,740843.68
2023-07-25,0.24,A-47,739505.77
2023-08-04,0.33,A-47,737340.16
2023-08-11,0.30,A-47,735557.19
2023-08-18,0.40,A-47,733774.23
2023-09-01,0.08,A-47,730246.07
2023-09-15,0.47,A-47,727209.00
2023-09-29,0.45,A-47,724171.93
2023-10-13,0.12,A-47,721730.32
2023-10-27,0.21,A-47,719334.52
2023-11-07,0.94,A-47,698753.67
2023-11-21,0.76,A-47,658961.00
2023-12-05,0.17,A-47,607125.00
2023-12-19,0.10,A-47,533611.00
2024-01-06,0.20,A-47,470599.00
2024-01-16,0.29,A-47,470599.00
2019-05-08,0.00,A-52,579916.97
2019-05-14,0.00,A-52,661984.19
2019-05-22,0.00,A-52,771407.16
2019-05-28,0.01,A-52,853474.39
2019-06-07,0.01,A-52,950621.87
2019-06-12,0.02,A-52,990703.20
2019-06-19,0.07,A-52,1046817.07
2019-06-26,0.05,A-52,1102930.93
2019-07-03,0.07,A-52,1150506.58
2019-07-10,0.08,A-52,1186697.94
2019-07-17,0.18,A-52,1222889.29
2019-07-24,0.17,A-52,1259080.65
2019-07-31,0.17,A-52,1295272.00
2019-08-07,0.60,A-52,1294602.03
2019-08-14,0.66,A-52,1293932.06
2019-08-21,0.61,A-52,1293262.10
2019-08-28,0.71,A-52,1292592.13
2019-09-04,0.69,A-52,1291903.27
2019-09-11,0.68,A-52,1291200.23
2019-09-18,0.76,A-52,1290497.20
2019-09-25,0.79,A-52,1289794.17
2019-10-02,0.81,A-52,1289098.19
2019-10-09,0.78,A-52,1288419.87
2019-10-24,1.20,A-52,1286966.32
2019-10-30,1.29,A-52,1286384.90
2019-11-06,1.64,A-52,1284530.20
2019-11-13,1.25,A-52,1282479.43
2019-11-20,1.28,A-52,1280428.67
2019-12-04,0.20,A-52,1277029.97
2019-12-18,0.24,A-52,1275388.35
2019-12-30,0.34,A-52,1273981.26
2020-01-15,1.14,A-52,1272766.58
2020-01-29,1.09,A-52,1271742.32
2020-02-12,0.90,A-52,1190464.83
2020-02-27,0.79,A-52,1089050.86
2020-03-11,0.87,A-52,1015047.81
2020-03-25,0.82,A-52,938071.74
2020-04-08,0.97,A-52,856777.47
2020-04-22,0.93,A-52,772244.53
2020-05-06,0.78,A-52,678622.77
2020-05-20,0.50,A-52,572882.58
2020-06-03,0.66,A-52,464083.90
2020-06-17,0.67,A-52,344070.77
2020-07-01,0.80,A-52,227697.35
2020-07-15,1.18,A-52,158640.32
2020-07-27,1.03,A-52,99448.58
2020-11-11,0.00,A-52,475873.77
2020-11-25,0.00,A-52,664137.83
2020-12-09,0.01,A-52,838273.81
2020-12-23,0.18,A-52,1004560.84
2021-01-06,0.24,A-52,1099088.26
2021-01-20,0.15,A-52,1097936.19
2021-02-03,0.30,A-52,1131472.29
2021-02-17,0.35,A-52,1292198.29
2021-03-03,0.20,A-52,1417901.68
2021-03-17,0.19,A-52,1415188.84
2021-03-31,0.19,A-52,1412476.00
2021-04-14,0.21,A-52,1411644.87
2021-04-28,0.26,A-52,1410813.73
2021-05-12,0.32,A-52,1410150.35
2021-05-26,0.40,A-52,1409514.94
2021-06-09,0.41,A-52,1408296.20
2021-06-21,0.56,A-52,1406973.80
2021-07-07,0.10,A-52,1405146.74
2021-07-21,0.07,A-52,1403476.23
2021-08-04,0.13,A-52,1401812.42
2021-08-18,0.26,A-52,1400165.39
2021-09-01,0.30,A-52,1395240.87
2021-09-15,0.32,A-52,1347709.00
2021-09-28,0.51,A-52,1303572.27
2021-10-11,0.63,A-52,1177802.81
2021-10-25,0.64,A-52,1026374.74
2021-11-08,0.74,A-52,875233.53
2021-11-22,0.77,A-52,724307.47
2021-12-06,1.02,A-52,567545.03
2021-12-21,1.40,A-52,391247.61
2022-01-03,1.43,A-52,247227.35
2022-01-17,0.70,A-52,123613.68
2022-06-15,0.00,A-52,693301.50
2022-06-29,0.00,A-52,818405.97
2022-07-13,0.01,A-52,960637.29
2022-07-27,0.06,A-52,1104186.06
2022-08-10,0.04,A-52,1245137.74
2022-08-24,0.05,A-52,1385050.58
2022-09-07,0.12,A-52,1505263.27
2022-09-21,0.15,A-52,1605775.80
2022-10-05,0.23,A-52,1669516.48
2022-10-18,0.52,A-52,1667242.74
2022-11-01,0.81,A-52,1664824.90
2022-11-15,0.08,A-52,1662807.50
2022-11-29,0.08,A-52,1660790.10
2022-12-13,0.81,A-52,1658880.94
2022-12-27,1.07,A-52,1656980.10
2023-01-10,0.74,A-52,1645653.13
2023-01-24,0.47,A-52,1630555.71
2023-02-07,0.27,A-52,1621778.50
2023-02-21,0.39,A-52,1619321.50
2023-03-06,0.37,A-52,1592687.26
2023-03-20,0.35,A-52,1533407.19
2023-04-03,0.38,A-52,1475243.20
2023-04-14,0.40,A-52,1432758.27
2023-04-28,0.48,A-52,1378686.53
2023-05-12,0.13,A-52,1287309.61
2023-05-26,0.06,A-52,1189715.16
2023-06-09,0.07,A-52,1086732.40
2023-06-23,0.18,A-52,980756.13
2023-07-07,0.26,A-52,905260.97
2023-07-21,0.43,A-52,860246.90
2023-08-01,0.40,A-52,823929.19
2023-08-15,0.27,A-52,765621.90
2023-08-29,0.56,A-52,707314.61
2023-09-12,0.62,A-52,570016.60
2023-09-26,0.90,A-52,419553.47
2023-10-10,1.08,A-52,273165.29
2023-10-24,1.59,A-52,128407.10
2019-03-13,0.48,A-57,1549681.03
2019-03-26,0.75,A-57,1547541.06
2019-04-09,0.72,A-57,1543574.30
2019-04-23,0.40,A-57,1538684.10
2019-05-06,0.24,A-57,1535316.74
2019-05-21,0.30,A-57,1533011.10
2019-06-04,0.50,A-57,1530854.13
2019-06-18,0.61,A-57,1528684.60
2019-07-02,0.51,A-57,1518553.90
2019-07-15,0.45,A-57,1464791.77
2019-07-31,0.43,A-57,1398623.00
2019-08-15,0.62,A-57,1280445.26
2019-08-29,1.05,A-57,1170146.03
2019-09-13,0.37,A-57,975850.47
2019-09-27,0.58,A-57,783578.20
2019-10-10,0.86,A-57,579570.23
2019-10-25,0.30,A-57,335360.06
2020-04-03,0.00,A-57,1214948.80
2020-04-17,0.00,A-57,1530549.87
2020-04-30,0.00,A-57,1823608.00
2020-05-14,0.00,A-57,1819380.00
2020-05-28,0.02,A-57,1815152.00
2020-06-11,0.09,A-57,1811456.77
2020-06-25,0.14,A-57,1807906.83
2020-07-09,0.29,A-57,1804585.55
2020-07-23,0.24,A-57,1801391.29
2020-08-06,0.33,A-57,1798351.87
2020-08-20,0.03,A-57,1795518.90
2020-09-03,0.06,A-57,1792877.50
2020-09-17,0.24,A-57,1790938.50
2020-09-24,0.44,A-57,1789969.00
2020-10-05,0.63,A-57,1787633.00
2020-10-15,0.06,A-57,1784623.00
2020-10-29,0.21,A-57,1780409.00
2020-11-12,0.34,A-57,1774773.80
2020-11-26,0.24,A-57,1768901.73
2020-12-10,0.17,A-57,1759622.06
2020-12-23,0.33,A-57,1749739.55
2021-01-06,0.50,A-57,1738898.26
2021-01-20,0.50,A-57,1727792.19
2021-02-03,0.24,A-57,1716389.68
2021-02-17,0.35,A-57,1703900.18
2021-03-03,0.33,A-57,1685778.26
2021-03-16,0.50,A-57,1649773.71
2021-03-30,0.72,A-57,1610999.58
2021-04-13,0.78,A-57,1597431.77
2021-04-27,0.38,A-57,1585802.90
2021-05-11,0.50,A-57,1506148.84
2021-05-25,0.41,A-57,1407942.45
2021-06-08,0.49,A-57,1222278.53
2021-06-22,0.54,A-57,971021.47
2021-07-06,0.40,A-57,667295.16
2021-07-20,0.43,A-57,293609.87
2021-10-20,0.00,A-57,515550.97
2021-11-03,0.00,A-57,899483.60
2021-11-17,0.03,A-57,1367921.73
2021-12-01,0.07,A-57,1801447.48
2021-12-15,0.12,A-57,1781112.26
2021-12-29,0.07,A-57,1760777.03
2022-01-12,0.09,A-57,1754786.45
2022-01-26,0.07,A-57,1751186.65
2022-02-09,0.14,A-57,1747445.61
2022-02-23,0.23,A-57,1743626.11
2022-03-09,0.29,A-57,1734292.35
2022-03-23,0.21,A-57,1721895.13
2022-04-06,0.05,A-57,1713477.20
2022-04-20,0.10,A-57,1710365.00
2022-05-04,0.17,A-57,1707446.26
2022-05-17,0.02,A-57,1705185.10
2022-05-31,0.04,A-57,1702750.00
2022-06-14,0.12,A-57,1700944.00
2022-06-28,0.16,A-57,1699138.00
2022-07-12,0.11,A-57,1696182.32
2022-07-26,0.28,A-57,1693035.03
2022-08-09,0.34,A-57,1687138.10
2022-08-23,0.06,A-57,1679713.58
2022-09-06,0.18,A-57,1670999.40
2022-09-20,0.22,A-57,1660565.67
2022-10-04,0.24,A-57,1598372.74
2022-10-18,0.44,A-57,1406781.84
2022-11-01,0.70,A-57,1211107.30
2022-11-09,0.65,A-57,1068957.70
2022-11-16,0.95,A-57,944576.80
2022-11-30,1.09,A-57,695815.00
2023-07-10,0.00,A-57,498902.77
2023-07-24,0.00,A-57,1052850.26
2023-08-07,0.00,A-57,1418710.23
2023-08-21,0.01,A-57,1596482.68
2023-09-04,0.01,A-57,1718458.07
2023-09-18,0.07,A-57,1700940.80
2023-10-02,0.08,A-57,1685121.94
2023-10-16,0.11,A-57,1679493.48
2023-10-30,0.08,A-57,1673865.03
2023-11-13,0.16,A-57,1663844.30
2023-11-27,0.26,A-57,1653485.70
2023-12-11,0.35,A-57,1639136.55
2023-12-22,0.05,A-57,1627007.10
2024-01-05,0.06,A-57,1617083.00
2024-01-19,0.07,A-57,1617083.00
2019-07-05,0.00,A-63,1107772.74
2019-07-18,0.00,A-63,1162002.87
2019-08-01,0.01,A-63,1216204.42
2019-08-15,0.00,A-63,1215804.29
2019-08-29,0.00,A-63,1215404.16
2019-09-12,0.00,A-63,1214889.00
2019-09-27,0.01,A-63,1214316.50
2019-10-10,0.03,A-63,1213688.77
2019-10-25,0.04,A-63,1212918.94
2019-11-07,0.12,A-63,1212212.00
2019-11-21,0.08,A-63,1211414.00
2019-12-06,0.06,A-63,1210482.35
2019-12-31,0.10,A-63,1208738.00
2020-01-02,0.12,A-63,1208414.58
2020-01-16,0.10,A-63,1206150.65
2020-02-05,0.08,A-63,1203111.55
2020-02-13,0.12,A-63,1202130.03
2020-02-26,0.14,A-63,1200535.07
2020-03-12,0.24,A-63,1189499.39
2020-03-26,0.32,A-63,1177053.84
2020-04-14,0.47,A-63,1166074.27
2020-04-23,0.34,A-63,1161873.37
2020-05-07,0.25,A-63,1156938.65
2020-05-22,0.34,A-63,1153365.74
2020-06-04,0.69,A-63,1150222.53
2020-06-22,0.37,A-63,1145724.93
2020-07-03,0.37,A-63,1142353.65
2020-07-16,0.80,A-63,1136406.77
2020-07-30,1.02,A-63,1130002.45
2020-08-13,0.87,A-63,1119671.29
2020-08-27,0.47,A-63,1109038.06
2020-09-10,0.64,A-63,1045409.33
2020-09-24,1.62,A-63,960582.40
2020-10-08,0.53,A-63,775361.68
2020-10-22,1.61,A-63,514845.61
2021-03-04,0.00,A-63,686649.16
2021-03-18,0.00,A-63,947865.23
2021-03-31,0.00,A-63,1190423.00
2021-04-15,0.00,A-63,1187061.50
2021-04-29,0.01,A-63,1183924.10
2021-05-12,0.05,A-63,1182748.13
2021-05-26,0.11,A-63,1181637.61
2021-06-09,0.15,A-63,1180742.70
2021-06-23,0.21,A-63,1179967.57
2021-07-07,0.30,A-63,1179269.29
2021-07-21,0.28,A-63,1178647.87
2021-08-04,0.14,A-63,1177942.97
2021-08-18,0.45,A-63,1177029.35
2021-09-01,1.21,A-63,1176003.60
2021-09-15,0.24,A-63,1173520.00
2021-09-29,0.70,A-63,1171036.40
2021-10-13,3.78,A-63,1153978.29
2021-10-27,2.08,A-63,1135799.06
2021-11-02,0.46,A-63,1126597.00
2021-11-10,0.62,A-63,1110565.00
2021-11-25,0.62,A-63,1080505.00
2021-12-07,1.01,A-63,1059049.03
2021-12-21,0.33,A-63,1036177.10
2022-01-05,0.45,A-63,1016431.13
2022-01-18,0.83,A-63,1007568.06
2022-02-01,1.55,A-63,982951.04
2022-02-18,0.49,A-63,715133.64
2022-03-04,0.72,A-63,541630.39
2022-03-16,0.24,A-63,493739.55
2022-03-25,0.25,A-63,457821.42
2022-04-01,0.38,A-63,419413.47
2022-04-08,0.61,A-63,318175.73
2022-09-16,0.00,A-63,661657.33
2022-09-23,0.00,A-63,909372.17
2022-09-28,0.00,A-63,1086311.33
2022-10-12,0.00,A-63,1155952.81
2022-10-26,0.01,A-63,1154629.58
2022-11-09,0.07,A-63,1153444.20
2022-11-28,0.20,A-63,1151939.40
2022-12-12,0.33,A-63,1149297.77
2022-12-22,0.38,A-63,1147228.42
2023-01-04,0.51,A-63,1143746.13
2023-01-17,0.58,A-63,1138481.55
2023-01-31,0.11,A-63,1132812.00
2023-02-14,0.07,A-63,1127087.50
2023-02-28,0.36,A-63,1121363.00
2023-03-14,0.10,A-63,1109996.35
2023-03-28,0.21,A-63,1098629.71
2023-04-11,0.33,A-63,1094026.63
2023-04-25,0.14,A-63,1091268.17
2023-05-02,0.17,A-63,1090084.87
2023-05-09,0.17,A-63,1089391.42
2023-05-16,0.29,A-63,1088697.97
2023-05-23,0.34,A-63,1088004.52
2023-06-06,0.05,A-63,1085938.20
2023-06-13,0.07,A-63,1084452.10
2023-06-20,0.11,A-63,1082966.00
2023-06-27,0.49,A-63,1081479.90
2023-07-11,0.28,A-63,1077535.55
2023-07-18,0.10,A-63,1075430.81
2023-07-25,0.12,A-63,1073326.06
2023-08-03,0.36,A-63,1070239.45
2023-08-14,0.47,A-63,1065536.77
2023-08-28,0.05,A-63,1059551.55
2023-09-11,0.16,A-63,1051899.63
2023-09-19,0.81,A-63,1047267.37
2023-10-03,1.18,A-63,985781.71
2023-10-17,0.34,A-63,728572.35
2023-10-25,0.47,A-63,581595.58
2023-11-01,0.37,A-63,455650.90
2023-11-08,0.56,A-63,345666.20
2019-03-15,0.65,A-71,1329497.26
2019-03-27,0.63,A-71,1286555.06
2019-04-09,1.00,A-71,1186180.30
2019-04-24,0.58,A-71,1042745.80
2019-05-13,0.53,A-71,943531.71
2019-05-20,0.61,A-71,921002.32
2019-06-05,1.13,A-71,802007.83
2019-06-20,0.51,A-71,551234.33
2019-07-04,0.40,A-71,334496.90
2019-12-20,0.00,A-71,1654816.74
2019-12-30,0.00,A-71,2115270.61
2020-01-17,0.00,A-71,2157832.10
2020-01-28,0.01,A-71,2155577.81
2020-02-11,0.07,A-71,2151945.21
2020-02-25,0.07,A-71,2148104.38
2020-03-18,0.07,A-71,2142140.03
2020-03-24,0.06,A-71,2140517.71
2020-04-07,0.07,A-71,2136941.27
2020-04-21,0.08,A-71,2133573.80
2020-05-05,0.05,A-71,2130320.45
2020-05-19,0.10,A-71,2127272.52
2020-06-02,0.10,A-71,2124199.07
2020-06-17,0.32,A-71,2120742.07
2020-07-03,0.48,A-71,2117184.03
2020-07-10,0.41,A-71,2115872.77
2020-07-20,0.16,A-71,2113999.55
2020-07-31,0.18,A-71,2111939.00
2020-08-11,0.23,A-71,2111073.90
2020-08-25,0.11,A-71,2109972.87
2020-09-08,0.29,A-71,2108437.80
2020-09-17,0.49,A-71,2107241.70
2020-09-28,0.65,A-71,2105779.80
2020-10-12,0.32,A-71,2097989.61
2020-10-26,0.40,A-71,2089211.16
2020-11-09,0.93,A-71,2079695.90
2020-11-23,1.38,A-71,2069771.30
2020-12-07,0.63,A-71,2061349.42
2020-12-21,0.44,A-71,2054430.26
2021-01-04,0.36,A-71,2047547.48
2021-01-18,0.21,A-71,2040755.68
2021-02-01,0.33,A-71,2031560.43
2021-02-15,0.45,A-71,1991120.43
2021-03-01,0.45,A-71,1952862.32
2021-03-15,0.60,A-71,1942968.84
2021-03-29,0.88,A-71,1933075.35
2021-04-12,0.98,A-71,1677588.00
2021-04-26,0.80,A-71,1381168.33
2021-05-10,0.52,A-71,1048428.94
2021-05-21,1.00,A-71,775576.06
2021-06-04,0.62,A-71,457190.93
2021-09-13,0.00,A-71,1275858.53
2021-09-27,0.01,A-71,1866066.80
2021-10-07,0.02,A-71,2010168.26
2021-10-22,0.07,A-71,2047943.10
2021-11-05,0.08,A-71,2070122.33
2021-11-18,0.12,A-71,2068859.60
2021-12-02,0.23,A-71,2067478.00
2021-12-16,0.23,A-71,2065966.00
2021-12-27,0.26,A-71,2064778.00
2022-01-11,0.25,A-71,2061539.94
2022-01-24,0.19,A-71,2058223.68
2022-02-11,0.33,A-71,2052826.86
2022-02-23,0.28,A-71,2048887.43
2022-03-09,0.41,A-71,2040217.29
2022-03-23,0.21,A-71,2029283.74
2022-04-05,0.15,A-71,2021783.50
2022-04-19,0.17,A-71,2018276.50
2022-05-03,0.29,A-71,2014784.16
2022-05-17,0.24,A-71,2011345.58
2022-05-31,0.46,A-71,2007907.00
2022-06-14,0.14,A-71,2004232.47
2022-06-27,0.22,A-71,2000820.40
2022-07-04,0.14,A-71,1997680.23
2022-07-18,0.12,A-71,1989445.52
2022-07-25,0.18,A-71,1985328.16
2022-08-01,0.16,A-71,1981294.26
2022-08-08,0.18,A-71,1977761.06
2022-08-15,0.20,A-71,1974227.87
2022-08-22,0.43,A-71,1970694.68
2022-08-29,0.58,A-71,1967161.48
2022-09-12,0.18,A-71,1670810.80
2022-09-23,0.16,A-71,1400081.37
2022-10-07,0.87,A-71,979705.45
2022-10-21,2.96,A-71,483518.35
2023-05-19,0.00,A-71,1788962.84
2023-06-01,0.00,A-71,2194913.47
2023-06-15,0.00,A-71,2185526.00
2023-06-29,0.02,A-71,2176138.53
2023-07-13,0.01,A-71,2164550.94
2023-07-27,0.04,A-71,2152794.10
2023-08-10,0.04,A-71,2144123.39
2023-08-24,0.05,A-71,2136687.13
2023-09-07,0.14,A-71,2130909.13
2023-09-25,0.11,A-71,2125612.33
2023-10-05,0.24,A-71,2122755.19
2023-10-19,0.25,A-71,2118874.94
2023-10-31,0.06,A-71,2115549.00
2023-11-14,0.13,A-71,2111485.73
2023-11-28,0.18,A-71,2107422.47
2023-12-12,0.13,A-71,2101247.29
2023-12-18,0.15,A-71,2098449.94
2023-12-28,0.21,A-71,2093787.68
2024-01-11,0.31,A-71,2092389.00
2024-01-25,0.50,A-71,2092389.00
2019-03-07,0.13,A-72,1445438.94
2019-03-21,0.13,A-72,1442294.81
2019-04-04,0.25,A-72,1439271.40
2019-04-17,0.18,A-72,1436744.20
2019-05-10,0.19,A-72,1433176.03
2019-05-16,0.06,A-72,1432551.45
2019-05-27,0.05,A-72,1431406.39
2019-06-11,0.07,A-72,1430352.73
2019-06-27,0.15,A-72,1429425.80
2019-07-11,0.13,A-72,1428649.84
2019-07-25,0.08,A-72,1427883.45
2019-08-08,0.15,A-72,1427179.26
2019-08-22,0.20,A-72,1426521.71
2019-09-05,0.28,A-72,1425428.50
2019-09-19,0.45,A-72,1423551.10
2019-10-03,0.42,A-72,1421231.94
2019-10-21,0.85,A-72,1416167.55
2019-10-28,0.99,A-72,1414198.06
2019-11-15,1.60,A-72,1390905.00
2019-11-29,1.38,A-72,1369952.60
2019-12-12,0.96,A-72,1358403.10
2019-12-23,1.19,A-72,1349187.94
2020-01-24,1.34,A-72,1318132.19
2020-02-06,1.30,A-72,1271687.21
2020-02-17,1.78,A-72,1199560.59
2020-02-21,1.07,A-72,1173332.72
2020-03-05,0.64,A-72,1059785.39
2020-03-20,0.77,A-72,876510.55
2020-04-03,1.43,A-72,692842.80
2020-08-31,0.00,A-72,686201.00
2020-09-15,0.00,A-72,752550.00
2020-09-29,0.04,A-72,814475.73
2020-10-13,0.12,A-72,1087144.77
2020-10-27,0.01,A-72,1376024.84
2020-11-10,0.01,A-72,1457353.00
2020-11-24,0.03,A-72,1455660.40
2020-12-09,0.09,A-72,1453827.71
2020-12-22,0.22,A-72,1452228.29
2021-01-05,0.51,A-72,1449746.65
2021-01-19,0.04,A-72,1445898.45
2021-02-02,0.03,A-72,1442343.00
2021-02-16,0.05,A-72,1440544.00
2021-03-02,0.11,A-72,1438767.03
2021-03-16,0.16,A-72,1437122.26
2021-03-30,0.50,A-72,1435477.48
2021-04-13,0.46,A-72,1431041.83
2021-04-27,0.07,A-72,1426391.50
2021-05-11,0.09,A-72,1420911.26
2021-05-25,0.53,A-72,1415204.68
2021-06-07,0.45,A-72,1410176.23
2021-06-21,0.44,A-72,1405010.70
2021-07-05,0.52,A-72,1399924.68
2021-07-19,0.58,A-72,1394981.77
2021-08-02,0.56,A-72,1383880.48
2021-08-16,0.79,A-72,1335828.87
2021-08-30,2.06,A-72,1287777.26
2021-09-13,0.67,A-72,990913.33
2021-09-27,3.40,A-72,674910.00
2022-01-17,0.00,A-72,1071156.77
2022-01-31,0.00,A-72,1065998.00
2022-02-14,0.00,A-72,1229244.50
2022-02-28,0.01,A-72,1392491.00
2022-03-14,0.07,A-72,1423403.90
2022-03-29,0.13,A-72,1456524.87
2022-04-11,0.18,A-72,1458588.10
2022-04-25,0.19,A-72,1455593.50
2022-05-09,0.21,A-72,1453461.42
2022-05-23,0.41,A-72,1451808.52
2022-06-07,0.07,A-72,1449488.50
2022-06-20,0.04,A-72,1446934.00
2022-06-27,0.14,A-72,1445558.50
2022-07-04,0.13,A-72,1444382.16
2022-07-11,0.09,A-72,1443355.19
2022-07-18,0.16,A-72,1442328.23
2022-07-25,0.25,A-72,1441301.26
2022-08-01,0.14,A-72,1440269.26
2022-08-08,0.17,A-72,1439207.06
2022-08-22,0.08,A-72,1437082.68
2022-08-29,0.10,A-72,1436020.48
2022-09-05,0.12,A-72,1435080.00
2022-09-12,0.20,A-72,1434188.20
2022-09-19,0.45,A-72,1433296.40
2022-10-03,0.50,A-72,1429061.16
2022-10-18,0.23,A-72,1414891.97
2022-10-31,0.98,A-72,1402612.00
2022-11-14,0.83,A-72,1390383.93
2022-11-28,0.99,A-72,1378155.87
2022-12-05,0.73,A-72,1330925.77
2022-12-20,1.43,A-72,1194476.10
2022-12-23,2.85,A-72,1167186.16
2023-01-02,6.18,A-72,1049396.94
2023-01-12,0.78,A-72,824316.61
2023-01-21,0.72,A-72,621744.32
2023-02-03,0.25,A-72,386540.29
2023-02-15,0.41,A-72,346045.43
2023-02-24,0.40,A-72,315674.29
2023-03-02,0.27,A-72,291764.00
2023-03-09,0.73,A-72,255322.00
2023-03-21,0.80,A-72,192850.00
2023-09-19,0.00,A-72,1218395.73
2023-10-03,0.00,A-72,1412045.74
2023-10-17,0.00,A-72,1404787.87
2023-10-31,0.03,A-72,1397530.00
2023-11-14,0.05,A-72,1392151.20
2023-11-28,0.07,A-72,1386772.40
2023-12-12,0.10,A-72,1381731.23
2023-12-19,0.09,A-72,1379238.77
2024-01-02,0.13,A-72,1374966.00
2024-01-12,0.10,A-72,1374966.00
2024-01-23,0.19,A-72,1374966.00
2019-02-28,0.54,A-73,1035774.00
2019-03-14,0.44,A-73,1031871.61
2019-03-29,0.92,A-73,1027690.48
2019-04-12,0.57,A-73,1023601.40
2019-04-30,0.31,A-73,1018304.00
2019-05-16,0.80,A-73,975500.90
2019-05-29,0.80,A-73,940723.39
2019-05-30,0.80,A-73,938048.19
2019-06-13,1.26,A-73,856852.57
2019-06-28,1.45,A-73,766252.07
2019-07-12,0.15,A-73,661758.45
2019-07-26,0.37,A-73,553942.65
2019-08-09,0.59,A-73,424395.03
2020-01-22,0.00,A-73,132564.39
2020-02-03,0.00,A-73,204255.52
2020-02-17,0.00,A-73,539431.93
2020-03-02,0.00,A-73,847949.81
2020-03-19,0.23,A-73,1028352.16
2020-03-30,0.38,A-73,1145083.10
2020-04-15,0.07,A-73,1154692.00
2020-04-27,0.13,A-73,1153889.60
2020-05-11,0.04,A-73,1153003.10
2020-05-25,0.15,A-73,1152130.13
2020-06-08,0.34,A-73,1150807.47
2020-06-19,0.31,A-73,1149503.23
2020-07-06,0.71,A-73,1121912.61
2020-07-20,0.11,A-73,1060577.71
2020-08-03,0.20,A-73,1002731.23
2020-08-17,0.33,A-73,957675.61
2020-09-01,0.03,A-73,912193.40
2020-09-14,0.20,A-73,906647.60
2020-09-28,0.89,A-73,900675.20
2020-10-12,0.17,A-73,892190.00
2020-10-26,1.15,A-73,883286.00
2020-11-09,0.71,A-73,874479.80
2020-11-23,0.16,A-73,865727.93
2020-12-07,0.44,A-73,836856.74
2020-12-21,0.54,A-73,787866.23
2021-01-04,1.55,A-73,747975.19
2021-01-18,0.65,A-73,730832.87
2021-02-01,0.47,A-73,711446.46
2021-02-15,0.47,A-73,662886.96
2021-03-01,1.49,A-73,616884.74
2021-03-15,0.29,A-73,604127.13
2021-03-29,0.49,A-73,591369.52
2021-04-12,0.58,A-73,511113.80
2021-04-26,1.39,A-73,419608.40
2021-05-10,3.35,A-73,266540.13
2021-12-20,0.00,A-73,775839.06
2022-01-05,0.00,A-73,1127301.29
2022-01-17,0.00,A-73,1123452.39
2022-02-02,0.01,A-73,1118641.29
2022-02-15,0.07,A-73,1116556.64
2022-03-02,0.13,A-73,1114147.42
2022-03-14,0.19,A-73,1112199.94
2022-03-28,0.21,A-73,1109927.87
2022-04-11,0.29,A-73,1100995.93
2022-04-25,0.03,A-73,1090247.67
2022-05-09,0.07,A-73,1085256.13
2022-05-23,0.09,A-73,1083462.77
2022-06-03,0.10,A-73,1082192.00
2022-06-17,0.83,A-73,1081044.00
2022-07-01,0.05,A-73,1079902.35
2022-07-08,0.06,A-73,1079372.84
2022-07-15,0.14,A-73,1078843.32
2022-07-22,0.19,A-73,1078313.81
2022-07-27,0.01,A-73,1077935.58
2022-08-05,0.03,A-73,1076766.55
2022-08-12,0.21,A-73,1075553.52
2022-08-26,0.03,A-73,1073127.45
2022-09-02,0.09,A-73,1071553.73
2022-09-09,0.12,A-73,1069078.30
2022-09-16,0.43,A-73,1066602.87
2022-10-03,0.58,A-73,1059419.71
2022-10-14,1.04,A-73,1051234.65
2022-10-28,1.96,A-73,1040817.29
2022-11-11,3.64,A-73,657770.50
2023-06-15,0.00,A-73,638360.50
2023-06-29,0.00,A-73,1171543.50
2023-07-13,0.00,A-73,1197718.32
2023-07-27,0.00,A-73,1184892.52
2023-08-10,0.00,A-73,1179427.35
2023-08-24,0.01,A-73,1176906.45
2023-09-07,0.01,A-73,1174173.67
2023-09-25,0.04,A-73,1170387.67
2023-10-05,0.04,A-73,1168510.35
2023-10-19,0.11,A-73,1166198.55
2023-11-02,0.20,A-73,1163716.67
2023-11-16,0.46,A-73,1160214.33
2023-11-27,0.84,A-73,1157462.50
2023-12-11,0.23,A-73,1153755.48
2023-12-20,0.28,A-73,1151336.52
2024-01-03,0.22,A-73,1148380.00
2024-01-15,0.29,A-73,1148380.00
2023-12-06,0.00,A-80,389118.10
2023-12-20,0.00,A-80,384953.32
2024-01-03,0.00,A-80,381681.00
2024-01-17,0.07,A-80,381681.00
2019-03-04,0.05,A-81,744786.00
2019-03-18,0.09,A-81,743274.00
2019-04-01,0.36,A-81,741261.27
2019-04-15,0.28,A-81,732739.00
2019-04-29,0.37,A-81,724216.73
2019-05-13,1.28,A-81,672934.84
2019-05-27,0.28,A-81,618363.74
2019-06-11,0.77,A-81,516173.77
2019-06-24,0.48,A-81,413830.40
2019-07-08,0.72,A-81,365730.74
2019-07-22,0.18,A-81,364218.29
2019-08-05,0.32,A-81,346342.77
2019-08-19,0.18,A-81,299013.74
2019-09-02,0.29,A-81,258351.53
2019-09-17,0.51,A-81,257643.03
2019-10-04,0.86,A-81,223863.97
2019-10-14,0.40,A-81,140951.39
2020-09-04,0.00,A-81,447572.73
2020-09-18,0.00,A-81,630607.80
2020-10-02,0.02,A-81,787371.06
2020-10-16,0.03,A-81,786503.52
2020-10-27,0.09,A-81,785821.87
2020-11-12,0.08,A-81,785032.80
2020-11-26,0.20,A-81,784401.40
2020-12-14,0.61,A-81,783053.58
2020-12-21,0.99,A-81,782469.87
2021-01-04,0.04,A-81,781437.81
2021-01-14,0.07,A-81,780942.32
2021-01-29,0.19,A-81,780199.10
2021-02-11,0.14,A-81,779118.25
2021-02-25,0.17,A-81,777868.75
2021-03-09,0.15,A-81,776735.84
2021-03-23,0.04,A-81,775390.03
2021-04-08,0.09,A-81,773981.00
2021-04-20,0.10,A-81,773021.00
2021-05-04,0.31,A-81,771885.77
2021-05-18,0.20,A-81,770712.48
2021-06-01,0.21,A-81,769586.47
2021-06-15,0.36,A-81,769075.00
2021-06-29,0.44,A-81,768563.53
2021-07-13,0.04,A-81,766503.19
2021-07-27,0.04,A-81,764323.71
2021-08-10,0.35,A-81,760111.00
2021-08-24,1.15,A-81,755085.00
2021-09-02,0.82,A-81,751741.27
2021-09-16,2.44,A-81,745926.13
2021-09-30,3.63,A-81,740111.00
2021-10-14,3.43,A-81,531636.55
2021-10-28,3.58,A-81,323162.10
2022-04-20,0.00,A-81,373974.33
2022-05-04,0.00,A-81,450040.94
2022-05-16,0.00,A-81,579406.74
2022-05-30,0.03,A-81,730333.52
2022-06-01,0.02,A-81,741071.47
2022-06-15,0.01,A-81,740476.00
2022-06-29,0.03,A-81,739880.53
2022-07-13,0.10,A-81,739462.26
2022-07-27,0.06,A-81,739057.61
2022-08-10,0.03,A-81,738340.71
2022-08-24,0.11,A-81,737498.90
2022-08-30,0.12,A-81,737138.13
2022-09-07,0.20,A-81,736540.17
2022-09-21,0.48,A-81,735464.50
2022-10-03,0.02,A-81,734623.10
2022-10-17,0.08,A-81,733923.55
2022-10-31,0.26,A-81,733224.00
2022-11-14,0.08,A-81,729696.93
2022-11-28,0.24,A-81,726169.87
2022-12-12,0.19,A-81,723517.61
2022-12-22,0.14,A-81,721727.29
2023-01-05,0.91,A-81,718728.26
2023-01-19,0.24,A-81,714842.58
2023-02-02,0.30,A-81,711096.00
2023-02-09,0.60,A-81,709640.00
2023-02-15,0.73,A-81,708392.00
2023-03-01,0.30,A-81,701898.03
2023-03-15,0.61,A-81,648838.48
2023-03-28,0.31,A-81,599568.90
2023-04-11,0.21,A-81,585842.80
2023-04-20,0.21,A-81,583915.00
2023-04-26,0.24,A-81,582629.80
2023-05-10,0.24,A-81,575288.48
2023-05-23,0.41,A-81,566858.61
2023-06-06,0.65,A-81,491914.20
2023-06-15,0.02,A-81,387279.00
2023-06-22,0.02,A-81,305896.07
2023-06-30,0.09,A-81,212887.00
2023-07-07,0.30,A-81,164815.74
2023-07-12,0.15,A-81,130479.13
2019-03-19,0.22,A-83,442426.87
2019-03-28,0.30,A-83,383194.97
2019-04-11,0.10,A-83,289082.93
2019-04-26,0.05,A-83,187671.93
2019-05-08,0.10,A-83,127619.19
2019-10-18,0.00,A-83,338437.16
2019-11-01,0.00,A-83,593123.20
2019-11-15,0.03,A-83,736752.00
2019-11-29,0.12,A-83,880380.80
2019-12-12,0.07,A-83,889737.29
2019-12-23,0.13,A-83,888909.81
2020-01-10,0.08,A-83,887961.87
2020-01-24,0.08,A-83,887477.29
2020-02-07,0.07,A-83,885564.90
2020-02-21,0.15,A-83,882224.69
2020-03-06,0.16,A-83,879637.61
2020-03-18,0.08,A-83,878280.84
2020-03-31,0.07,A-83,876811.00
2020-04-16,0.33,A-83,875936.33
2020-05-01,0.52,A-83,875131.06
2020-05-15,0.13,A-83,874571.97
2020-05-29,0.12,A-83,874012.87
2020-06-12,0.13,A-83,873585.80
2020-06-26,0.15,A-83,873180.73
2020-07-10,0.50,A-83,853926.94
2020-07-20,0.39,A-83,834788.87
2020-08-03,0.34,A-83,782993.39
2020-08-17,0.04,A-83,639523.19
2020-08-25,0.11,A-83,557540.23
2020-09-02,0.42,A-83,482107.40
2020-09-14,0.37,A-83,398433.80
2020-09-24,0.67,A-83,328705.80
2020-09-30,0.66,A-83,286869.00
2020-10-12,0.95,A-83,219842.81
2020-10-26,0.70,A-83,141645.58
2021-03-10,0.00,A-83,695571.32
2021-03-24,0.00,A-83,727589.77
2021-04-07,0.01,A-83,818400.77
2021-04-19,0.01,A-83,946632.37
2021-05-06,0.03,A-83,1062743.81
2021-05-17,0.15,A-83,1060114.45
2021-05-24,0.09,A-83,1058441.23
2021-05-31,0.00,A-83,1056768.00
2021-06-14,0.01,A-83,1056118.87
2021-06-28,0.03,A-83,1055469.73
2021-07-12,0.11,A-83,1054912.10
2021-07-19,0.09,A-83,1054640.90
2021-07-27,0.24,A-83,1054330.97
2021-08-09,0.27,A-83,1051460.03
2021-08-23,0.01,A-83,1047235.19
2021-09-06,0.04,A-83,1044541.20
2021-09-23,0.12,A-83,1043748.43
2021-09-27,0.14,A-83,1043561.90
2021-10-04,0.10,A-83,1043279.55
2021-10-11,0.06,A-83,1043030.26
2021-10-18,0.04,A-83,1042780.97
2021-10-25,0.06,A-83,1042531.68
2021-11-01,0.13,A-83,1039819.63
2021-11-05,0.11,A-83,1029826.17
2021-11-11,0.27,A-83,1014835.97
2021-11-17,0.43,A-83,999845.77
2021-11-30,0.67,A-83,967367.00
2021-12-06,0.75,A-83,895152.55
2021-12-14,0.80,A-83,798866.61
2021-12-30,0.83,A-83,606294.74
2022-01-18,0.63,A-83,286271.45
2022-01-24,0.45,A-83,183608.94
2022-01-31,0.25,A-83,63836.00
2022-02-07,0.70,A-83,60323.25
2022-02-14,0.70,A-83,56810.50
2022-02-21,0.70,A-83,53297.75
2022-03-02,1.70,A-83,46573.06
2022-03-16,1.40,A-83,24089.52
2022-07-05,0.00,A-83,978444.81
2022-07-19,0.00,A-83,1040019.06
2022-08-02,0.00,A-83,1092574.29
2022-08-16,0.00,A-83,1091015.32
2022-08-30,0.00,A-83,1089456.35
2022-09-13,0.01,A-83,1087299.23
2022-09-27,0.03,A-83,1085096.10
2022-10-11,0.04,A-83,1083916.10
2022-10-25,0.02,A-83,1083015.13
2022-11-08,0.11,A-83,1082025.80
2022-11-15,0.13,A-83,1081498.00
2022-11-21,0.21,A-83,1081045.60
2022-11-29,0.08,A-83,1080442.40
2022-12-06,0.12,A-83,1080006.81
2022-12-13,0.12,A-83,1079586.58
2022-12-20,0.17,A-83,1079166.35
2022-12-27,0.35,A-83,1078746.13
2023-01-03,0.48,A-83,1077706.45
2023-01-10,0.34,A-83,1075840.84
2023-01-17,0.50,A-83,1073975.23
2023-01-24,0.61,A-83,1072109.61
2023-01-31,0.45,A-83,1070244.00
2023-02-07,0.31,A-83,1068305.00
2023-02-13,0.41,A-83,1066643.00
2023-02-24,0.05,A-83,1063596.00
2023-03-07,0.04,A-83,1061726.58
2023-03-15,0.04,A-83,1060856.39
2023-03-28,0.02,A-83,1059442.32
2023-04-11,0.03,A-83,1057419.43
2023-04-25,0.01,A-83,1055260.17
2023-05-08,0.07,A-83,1028588.87
2023-05-22,0.15,A-83,983263.65
2023-06-05,0.14,A-83,912623.67
2023-06-19,0.11,A-83,796417.13
2023-07-03,0.03,A-83,672399.23
2023-07-17,0.11,A-83,519739.61
2023-07-31,1.00,A-83,367080.00
2023-08-14,0.46,A-83,258538.90
2023-08-28,0.56,A-83,149997.81
2023-09-11,0.59,A-83,80268.03
2023-12-21,0.00,A-83,434476.74
2024-01-04,0.00,A-83,432499.00
2024-01-18,0.00,A-83,432499.00
2019-06-11,0.66,A-85,618219.20
2019-06-24,1.04,A-85,789249.80
2019-07-08,0.49,A-85,892819.77
2019-07-22,0.13,A-85,935927.13
2019-08-05,0.28,A-85,979077.23
2019-08-19,0.44,A-85,1022304.26
2019-09-02,0.44,A-85,1058947.47
2019-09-17,0.53,A-85,1055883.47
2019-10-04,0.26,A-85,1049967.23
2019-10-14,0.39,A-85,1041815.29
2019-10-28,1.28,A-85,1030402.58
2019-11-11,1.66,A-85,1015147.50
2019-11-25,0.54,A-85,998844.50
2019-12-09,1.17,A-85,857588.55
2019-12-20,2.21,A-85,692058.77
2020-01-10,2.90,A-85,356680.94
2020-06-24,0.00,A-85,264483.20
2020-07-08,0.00,A-85,415504.90
2020-07-22,0.00,A-85,564081.48
2020-08-04,0.09,A-85,725958.48
2020-08-21,0.04,A-85,1008003.29
2020-09-02,0.04,A-85,1173607.60
2020-09-16,0.14,A-85,1171476.80
2020-10-01,0.07,A-85,1169239.23
2020-10-14,0.13,A-85,1167851.16
2020-10-29,0.05,A-85,1166249.55
2020-11-11,0.16,A-85,1164859.73
2020-11-25,0.34,A-85,1163362.67
2020-12-09,0.58,A-85,1162251.42
2020-12-21,0.80,A-85,1161482.65
2021-01-04,0.07,A-85,1160180.71
2021-01-15,0.03,A-85,1158362.16
2021-01-28,0.06,A-85,1156212.97
2021-02-11,0.16,A-85,1154370.29
2021-02-25,0.24,A-85,1152656.29
2021-03-11,0.15,A-85,1150663.13
2021-03-25,0.19,A-85,1148593.84
2021-04-08,0.14,A-85,1146686.47
2021-04-22,0.19,A-85,1144900.53
2021-05-06,0.37,A-85,1141996.39
2021-05-20,0.32,A-85,1137601.29
2021-06-03,0.30,A-85,1133115.00
2021-06-17,0.19,A-85,1128294.33
2021-07-01,0.34,A-85,1123041.13
2021-07-15,0.67,A-85,1112164.94
2021-07-29,0.44,A-85,1101288.74
2021-08-12,0.40,A-85,1059650.35
2021-08-26,0.81,A-85,1012884.94
2021-09-09,1.07,A-85,990007.20
2021-09-23,0.60,A-85,980400.40
2021-10-07,1.17,A-85,912146.74
2021-10-21,1.82,A-85,785246.23
2021-11-04,2.23,A-85,601989.27
2021-11-18,2.70,A-85,277841.20
2022-04-08,0.00,A-85,694416.60
2022-04-21,0.00,A-85,865947.70
2022-05-05,0.00,A-85,1009685.81
2022-05-19,0.04,A-85,1079646.06
2022-06-02,0.06,A-85,1139536.40
2022-06-16,0.06,A-85,1139007.20
2022-06-30,0.04,A-85,1138478.00
2022-07-14,0.06,A-85,1137944.19
2022-07-26,0.05,A-85,1137486.65
2022-08-09,0.10,A-85,1136485.42
2022-08-25,0.09,A-85,1135044.39
2022-09-06,0.17,A-85,1134028.20
2022-09-20,0.36,A-85,1132918.00
2022-10-05,0.14,A-85,1131246.13
2022-10-19,0.03,A-85,1128785.29
2022-11-03,0.18,A-85,1126348.00
2022-11-21,0.90,A-85,1124380.00
2022-12-05,0.40,A-85,1121414.55
2022-12-21,0.27,A-85,1115073.90
2023-01-04,0.72,A-85,1089921.58
2023-01-18,0.52,A-85,1015758.61
2023-02-01,0.48,A-85,945147.21
2023-02-09,0.46,A-85,931180.93
2023-02-15,0.75,A-85,920706.21
2023-03-01,0.68,A-85,889185.06
2023-03-15,0.55,A-85,765621.97
2023-03-29,0.57,A-85,642058.87
2023-04-12,0.78,A-85,573732.60
2023-04-20,0.30,A-85,539949.67
2023-04-26,0.20,A-85,514612.47
2023-05-10,0.23,A-85,463287.45
2023-05-23,0.55,A-85,418523.84
2023-06-06,0.12,A-85,351816.40
2023-06-15,0.12,A-85,293075.50
2023-06-22,0.03,A-85,247388.13
2023-06-30,0.03,A-85,195174.00
2023-07-07,0.35,A-85,172426.03
2023-07-12,0.18,A-85,156177.48
2023-07-19,0.08,A-85,133429.52
2023-07-26,0.40,A-85,110681.55
2023-11-20,0.00,A-85,1034136.00
2023-12-04,0.00,A-85,1453095.52
2023-12-19,0.01,A-85,1952237.45
2023-12-29,0.02,A-85,2284998.74
2024-01-12,0.02,A-85,2351551.00
2024-01-24,0.07,A-85,2351551.00
2020-07-09,0.00,A-87,449239.84
2020-07-23,0.00,A-87,606766.03
2020-08-06,0.12,A-87,696640.68
2020-08-20,0.37,A-87,696313.26
2020-09-03,0.47,A-87,696004.60
2020-09-17,0.43,A-87,695764.73
2020-10-02,0.26,A-87,695499.35
2020-10-15,0.58,A-87,695222.16
2020-10-23,0.83,A-87,695051.58
2020-10-29,0.75,A-87,694923.65
2020-11-12,2.04,A-87,693050.20
2020-11-26,0.11,A-87,690914.27
2020-12-10,0.33,A-87,688735.61
2020-12-23,0.83,A-87,686696.71
2020-12-30,2.28,A-87,685598.84
2021-01-13,0.19,A-87,681422.90
2021-01-27,0.41,A-87,677094.65
2021-02-10,0.37,A-87,673819.43
2021-02-24,0.38,A-87,670965.43
2021-03-10,0.48,A-87,669718.39
2021-03-24,1.52,A-87,669114.13
2021-04-07,0.33,A-87,667924.17
2021-04-21,0.31,A-87,666148.50
2021-05-05,1.03,A-87,659685.06
2021-05-19,0.07,A-87,644783.65
2021-05-27,0.13,A-87,636268.55
2021-06-10,0.14,A-87,614995.00
2021-06-24,0.32,A-87,591172.60
2021-07-08,1.58,A-87,530119.90
2021-07-22,0.38,A-87,441144.48
2021-08-05,0.64,A-87,352911.48
2021-08-20,2.90,A-87,259807.94
2021-09-03,1.37,A-87,172378.80
2022-03-14,0.00,A-87,381371.77
2022-03-22,0.00,A-87,378159.65
2022-04-05,0.00,A-87,374316.50
2022-04-11,0.00,A-87,374041.10
2022-04-26,0.13,A-87,373352.60
2022-05-10,0.11,A-87,372536.10
2022-05-24,0.00,A-87,371650.03
2022-06-07,0.02,A-87,371134.90
2022-06-21,0.09,A-87,370990.70
2022-07-05,0.48,A-87,370299.61
2022-07-19,0.02,A-87,368624.13
2022-08-02,0.03,A-87,367169.74
2022-08-16,0.05,A-87,367041.94
2022-08-30,0.57,A-87,366914.13
2022-09-13,0.86,A-87,362560.83
2022-09-21,0.11,A-87,359887.50
2022-10-05,0.90,A-87,356423.87
2022-10-19,0.15,A-87,355146.71
2022-11-02,1.08,A-87,353501.60
2022-11-16,0.97,A-87,349648.80
2022-11-30,2.13,A-87,345796.00
2022-12-15,0.96,A-87,342119.55
2022-12-28,1.07,A-87,338933.29
2023-01-11,1.17,A-87,231565.42
2023-01-25,1.23,A-87,95851.23
2023-09-04,0.00,A-87,590196.40
2023-09-11,0.00,A-87,589570.60
2023-09-25,0.08,A-87,588319.00
2023-10-09,0.07,A-87,587128.19
2023-10-18,0.17,A-87,586384.39
2023-10-30,0.34,A-87,585392.65
2023-11-13,0.01,A-87,581484.97
2023-11-27,0.01,A-87,577365.70
2023-12-11,0.12,A-87,576051.87
2023-12-22,0.19,A-87,575620.74
2024-01-05,0.34,A-87,575268.00
2024-01-19,0.57,A-87,575268.00
2019-03-04,0.15,A-88,1429692.29
2019-03-18,0.10,A-88,1426994.81
2019-04-01,0.16,A-88,1424234.93
2019-04-15,0.21,A-88,1420664.00
2019-04-29,0.31,A-88,1417093.07
2019-05-13,0.19,A-88,1414867.03
2019-05-29,0.36,A-88,1412441.23
2019-06-11,0.21,A-88,1365822.50
2019-06-25,0.33,A-88,1306875.50
2019-07-08,0.33,A-88,1246018.35
2019-07-22,0.23,A-88,1176360.23
2019-08-05,0.34,A-88,1091845.00
2019-08-19,0.44,A-88,980587.00
2019-09-02,0.42,A-88,867434.87
2019-09-16,0.17,A-88,742917.93
2019-09-25,0.24,A-88,662871.33
2019-09-30,0.26,A-88,618401.00
2019-10-08,0.23,A-88,537269.39
2019-10-14,0.16,A-88,476420.68
2019-10-22,0.45,A-88,395289.06
2019-10-28,0.65,A-88,334440.35
2019-11-05,0.60,A-88,280535.83
2019-11-11,0.60,A-88,252359.63
2019-11-18,0.78,A-88,219487.40
2019-11-25,0.87,A-88,186615.17
2019-12-02,0.55,A-88,152610.16
2019-12-09,0.50,A-88,115773.23
2020-04-16,0.00,A-88,1181109.80
2020-04-30,0.00,A-88,1334988.00
2020-05-14,0.03,A-88,1392383.03
2020-05-28,0.08,A-88,1449778.06
2020-06-11,0.11,A-88,1462485.83
2020-06-25,0.23,A-88,1463006.17
2020-07-10,0.18,A-88,1462692.97
2020-07-23,0.31,A-88,1462044.23
2020-08-06,0.35,A-88,1461141.97
2020-08-20,0.39,A-88,1459968.23
2020-09-03,0.33,A-88,1458804.40
2020-09-17,0.42,A-88,1457676.93
2020-10-01,0.54,A-88,1456530.10
2020-10-15,0.44,A-88,1455131.45
2020-10-29,0.23,A-88,1453732.81
2020-11-12,0.25,A-88,1427128.60
2020-11-24,0.24,A-88,1400724.20
2020-12-07,0.30,A-88,1341184.03
2020-12-21,0.52,A-88,1248508.10
2021-01-04,0.74,A-88,1146922.61
2021-01-18,0.55,A-88,1023063.26
2021-02-01,0.57,A-88,895002.32
2021-02-15,0.62,A-88,712320.82
2021-03-01,0.74,A-88,533358.19
2021-03-15,0.40,A-88,402740.90
2021-03-29,0.41,A-88,272123.61
2021-04-12,0.78,A-88,170797.20
2021-04-26,0.65,A-88,74352.60
2021-08-03,0.00,A-88,933783.65
2021-08-17,0.02,A-88,1154963.32
2021-08-31,0.05,A-88,1376143.00
2021-09-14,0.08,A-88,1373791.47
2021-10-01,0.10,A-88,1371008.19
2021-10-12,0.13,A-88,1369954.32
2021-10-26,0.13,A-88,1368613.03
2021-11-09,0.10,A-88,1436842.10
2021-11-23,0.20,A-88,1543721.37
2021-12-07,0.38,A-88,1594039.90
2021-12-21,0.51,A-88,1587797.71
2022-01-04,0.69,A-88,1577366.48
2022-01-18,0.90,A-88,1556462.68
2022-01-26,0.77,A-88,1544517.65
2022-02-01,0.78,A-88,1536452.61
2022-02-16,0.73,A-88,1527461.71
2022-03-01,0.63,A-88,1520072.61
2022-03-15,0.70,A-88,1517323.19
2022-03-30,0.42,A-88,1514377.39
2022-04-13,0.29,A-88,1472456.63
2022-04-28,0.19,A-88,1424313.13
2022-05-12,0.10,A-88,1317546.52
2022-05-25,0.30,A-88,1208836.74
2022-06-08,0.35,A-88,1063987.27
2022-06-15,0.36,A-88,981146.00
2022-06-22,0.33,A-88,898304.73
2022-07-06,0.29,A-88,755250.42
2022-07-20,0.24,A-88,642367.06
2022-08-03,0.21,A-88,522158.87
2022-08-17,0.26,A-88,375092.94
2022-08-31,0.21,A-88,228027.00
2022-09-14,0.22,A-88,121614.40
2022-12-08,0.00,A-88,1053139.97
2022-12-22,0.00,A-88,1051276.16
2023-01-05,0.02,A-88,1119130.42
2023-01-19,0.04,A-88,1312477.19
2023-02-02,0.14,A-88,1477726.71
2023-02-16,0.19,A-88,1474392.71
2023-03-02,0.25,A-88,1470803.26
2023-03-16,0.21,A-88,1465681.06
2023-03-30,0.21,A-88,1460558.87
2023-04-13,0.20,A-88,1454086.03
2023-04-27,0.17,A-88,1447509.30
2023-05-11,0.22,A-88,1441498.10
2023-05-25,0.22,A-88,1435641.13
2023-06-08,0.33,A-88,1431823.80
2023-06-22,0.42,A-88,1429536.20
2023-07-06,0.33,A-88,1427416.29
2023-07-20,0.41,A-88,1425519.97
2023-08-03,0.29,A-88,1423457.77
2023-08-17,0.17,A-88,1420787.39
2023-08-31,0.18,A-88,1418117.00
2023-09-14,0.25,A-88,1405447.00
2023-09-28,0.48,A-88,1392777.00
2023-10-12,0.47,A-88,1295807.39
2023-10-26,0.45,A-88,1184787.84
2023-11-09,0.52,A-88,1043183.60
2023-11-23,0.58,A-88,884587.87
2023-12-07,0.48,A-88,733650.19
2023-12-21,0.82,A-88,590370.58
2024-01-04,0.70,A-88,488028.00
2024-01-19,0.63,A-88,488028.00
2019-06-05,0.00,A-89,291058.33
2019-06-18,0.00,A-89,386799.00
2019-07-02,0.00,A-89,475082.29
2019-07-16,0.05,A-89,474433.32
2019-07-31,0.16,A-89,473738.00
2019-08-13,0.18,A-89,473190.32
2019-08-28,0.70,A-89,472558.39
2019-09-04,0.83,A-89,472262.53
2019-09-10,0.67,A-89,472008.33
2019-09-18,0.74,A-89,471669.40
2019-09-24,0.70,A-89,471415.20
2019-09-30,0.80,A-89,471161.00
2019-10-15,0.57,A-89,470670.35
2019-10-22,0.57,A-89,470441.39
2019-10-29,0.36,A-89,470212.42
2019-11-05,0.44,A-89,470048.83
2019-11-12,0.26,A-89,469911.40
2019-11-19,0.14,A-89,469773.97
2019-12-03,0.17,A-89,469475.55
2019-12-10,0.11,A-89,469283.16
2019-12-17,0.18,A-89,469090.77
2019-12-30,0.17,A-89,468733.48
2020-01-07,0.25,A-89,468421.71
2020-01-17,0.27,A-89,468015.58
2020-01-28,0.27,A-89,467568.84
2020-02-11,0.21,A-89,465650.21
2020-02-25,0.28,A-89,463363.38
2020-03-10,0.20,A-89,459806.77
2020-03-26,0.34,A-89,455161.61
2020-04-08,0.35,A-89,451821.47
2020-04-21,0.38,A-89,448752.60
2020-05-05,0.50,A-89,446278.48
2020-05-19,0.62,A-89,445299.84
2020-06-02,1.10,A-89,424239.00
2020-06-16,1.18,A-89,282685.00
2020-06-30,0.70,A-89,141131.00
2020-10-28,0.02,A-89,484925.77
2020-11-11,0.10,A-89,481833.80
2020-11-25,0.26,A-89,480599.00
2020-12-09,0.22,A-89,479663.87
2020-12-23,0.36,A-89,478895.23
2021-01-06,0.26,A-89,478343.55
2021-01-20,0.43,A-89,478081.16
2021-02-02,0.27,A-89,477846.43
2021-02-16,0.25,A-89,477646.43
2021-03-02,0.00,A-89,477443.58
2021-03-16,0.03,A-89,477223.65
2021-03-30,0.03,A-89,477003.71
2021-04-13,0.02,A-89,476761.80
2021-04-27,0.12,A-89,476518.20
2021-05-11,0.14,A-89,476244.23
2021-05-21,0.09,A-89,476042.61
2021-06-01,0.31,A-89,475818.20
2021-06-14,0.55,A-89,475521.80
2021-06-22,0.30,A-89,475339.40
2021-06-29,0.26,A-89,475179.80
2021-07-06,0.41,A-89,467815.71
2021-07-20,0.30,A-89,450686.03
2021-08-03,0.34,A-89,410763.81
2021-08-17,0.48,A-89,287268.90
2021-08-31,0.19,A-89,163774.00
2021-09-14,0.15,A-89,87346.13
2021-12-22,0.00,A-89,622605.74
2021-12-28,0.00,A-89,689072.58
2022-01-14,0.00,A-89,718946.45
2022-01-25,0.03,A-89,716306.81
2022-02-10,0.16,A-89,712865.93
2022-02-21,0.06,A-89,710664.75
2022-03-08,0.26,A-89,706532.13
2022-03-22,0.27,A-89,701751.35
2022-04-05,0.42,A-89,697422.33
2022-04-19,0.34,A-89,693906.47
2022-05-03,0.17,A-89,690897.03
2022-05-17,0.29,A-89,689744.52
2022-05-31,0.32,A-89,688592.00
2022-06-14,0.09,A-89,688194.40
2022-06-28,0.26,A-89,687796.80
2022-07-11,0.08,A-89,687522.84
2022-07-25,0.23,A-89,687246.45
2022-08-08,0.08,A-89,684978.84
2022-08-22,0.08,A-89,681217.81
2022-09-05,0.16,A-89,662172.50
2022-09-20,0.17,A-89,612290.00
2022-10-05,0.28,A-89,537088.71
2022-10-18,0.30,A-89,428028.35
2022-11-01,0.30,A-89,314999.77
2022-11-16,0.66,A-89,255476.27
2022-11-29,0.30,A-89,203889.23
2022-12-13,0.75,A-89,116083.16
2023-04-12,0.00,A-89,988489.20
2023-04-26,0.00,A-89,979598.27
2023-05-10,0.00,A-89,970364.77
2023-05-24,0.02,A-89,960994.26
2023-06-07,0.12,A-89,954963.13
2023-06-21,0.18,A-89,952271.40
2023-07-05,0.22,A-89,950380.68
2023-07-19,0.32,A-89,949931.77
2023-08-02,0.31,A-89,949380.94
2023-08-16,0.31,A-89,948218.48
2023-08-30,0.28,A-89,947056.03
2023-09-13,0.48,A-89,942939.97
2023-09-27,0.39,A-89,938596.70
2023-10-12,0.41,A-89,928992.32
2023-10-25,0.17,A-89,919595.84
2023-11-08,0.10,A-89,913883.53
2023-11-24,0.17,A-89,911132.60
2023-12-06,0.18,A-89,908965.65
2023-12-22,0.30,A-89,905938.03
2024-01-06,0.30,A-89,904235.00
2024-01-17,0.35,A-89,904235.00
2019-10-16,0.00,A-90,607670.45
2019-10-30,0.00,A-90,602979.10
2019-11-14,0.07,A-90,584627.40
2019-11-27,0.04,A-90,567897.70
2019-12-09,0.00,A-90,557157.23
2019-12-20,0.07,A-90,548748.61
2020-01-15,0.04,A-90,529547.74
2020-01-22,0.13,A-90,524511.35
2020-02-04,0.14,A-90,515832.41
2020-02-19,0.07,A-90,507568.97
2020-03-04,0.03,A-90,501356.90
2020-03-18,0.27,A-90,498896.06
2020-04-01,0.14,A-90,496510.57
2020-04-15,0.13,A-90,495104.50
2020-04-28,0.14,A-90,493798.87
2020-05-13,0.09,A-90,493240.71
2020-05-29,0.25,A-90,492800.97
2020-06-10,0.10,A-90,492674.67
2020-06-24,0.13,A-90,492574.80
2020-07-08,0.11,A-90,492453.29
2020-07-22,0.20,A-90,492315.55
2020-08-05,0.30,A-90,492141.68
2020-08-19,0.20,A-90,491902.77
2020-09-02,0.12,A-90,481209.40
2020-09-16,0.13,A-90,407789.20
2020-09-29,0.39,A-90,339613.30
2020-10-13,0.16,A-90,262464.32
2020-10-27,0.20,A-90,185028.52
2020-11-10,0.30,A-90,108602.67
2021-06-17,0.00,A-90,381429.17
2021-07-01,0.00,A-90,433164.00
2021-07-15,0.00,A-90,432576.00
2021-07-22,0.01,A-90,432282.00
2021-08-06,0.04,A-90,502260.39
2021-08-19,0.04,A-90,654699.23
2021-09-02,0.03,A-90,798094.67
2021-09-16,0.01,A-90,816873.33
2021-09-30,0.06,A-90,835652.00
2021-10-14,0.07,A-90,834119.23
2021-10-28,0.02,A-90,832586.45
2021-11-11,0.04,A-90,831456.10
2021-11-25,0.21,A-90,830435.50
2021-12-09,0.20,A-90,829245.03
2021-12-23,0.27,A-90,827960.19
2022-01-05,0.22,A-90,824162.29
2022-01-19,0.14,A-90,815583.90
2022-02-02,0.15,A-90,807317.14
2022-02-16,0.16,A-90,800920.14
2022-03-02,0.07,A-90,792406.55
2022-03-14,0.18,A-90,774223.84
2022-03-31,0.11,A-90,748465.00
2022-04-07,0.10,A-90,715918.50
2022-04-21,0.09,A-90,650825.50
2022-05-05,0.13,A-90,590494.84
2022-05-19,0.14,A-90,538736.39
2022-06-02,0.14,A-90,486416.67
2022-06-16,0.15,A-90,430729.33
2022-06-30,0.06,A-90,375042.00
2022-07-14,0.05,A-90,374088.65
2022-07-27,0.05,A-90,373203.39
2022-08-11,0.04,A-90,287316.23
2022-08-25,0.02,A-90,178351.97
2022-09-08,0.00,A-90,96545.53
2023-01-06,0.00,A-90,721654.58
2023-01-20,0.00,A-90,719513.94
2023-02-03,0.02,A-90,716883.04
2023-02-10,0.03,A-90,714668.79
2023-02-23,0.03,A-90,710556.61
2023-03-09,0.01,A-90,772288.55
2023-03-23,0.02,A-90,870776.29
2023-04-05,0.01,A-90,936983.50
2023-04-19,0.02,A-90,964783.30
2023-05-03,0.01,A-90,986543.94
2023-05-17,0.00,A-90,986160.97
2023-05-31,0.02,A-90,985778.00
2023-06-14,0.05,A-90,985428.93
2023-06-29,0.12,A-90,985054.93
2023-07-12,0.13,A-90,984755.94
2023-07-26,0.11,A-90,984436.19
2023-08-09,0.07,A-90,983983.48
2023-08-23,0.16,A-90,983456.90
2023-09-06,0.19,A-90,982717.00
2023-09-20,0.23,A-90,981692.67
2023-10-04,0.32,A-90,980631.71
2023-10-18,0.29,A-90,979479.19
2023-11-01,0.31,A-90,972246.30
2023-11-15,0.18,A-90,885968.50
2023-11-29,0.25,A-90,799690.70
2023-12-13,0.15,A-90,708112.97
2023-12-27,0.26,A-90,616127.55
2024-01-10,0.26,A-90,589846.00
2024-01-24,0.32,A-90,589846.00
2023-10-12,0.00,A-92,526797.74
2023-10-24,0.00,A-92,878453.48
2023-11-07,0.00,A-92,1082032.23
2023-11-21,0.03,A-92,1078924.70
2023-12-05,0.03,A-92,1076077.65
2023-12-19,0.09,A-92,1073699.45
2024-01-05,0.04,A-92,1071661.00
2024-01-16,0.06,A-92,1071661.00
